_id,תאריך,מאושפזים,אחוז נשים מאושפזות,גיל ממוצע מאושפזים,סטיית תקן גיל מאושפזים,מונשמים,אחוז נשים מונשמות,גיל ממוצע מונשמים,סטיית תקן גיל מונשמים,חולים קל,אחוז נשים חולות קל,גיל ממוצע חולים קל,סטיית תקן גיל חולים קל,חולים בינוני,אחוז נשים חולות בינוני,גיל ממוצע חולים בינוני,סטיית תקן גיל חולים בינוני,חולים קשה,אחוז נשים חולות קשה,גיל ממוצע חולים קשה,סטיית תקן גיל חולים קשה,חולים קשה מצטבר
1,2020-03-11T00:00:00,79,36.7,48,17.9,<15,20,64,15.4,72,37.5,46,17.3,NULL,NULL,NULL,NULL,<15,33.3,67,16.3,<15
2,2020-03-12T00:00:00,101,39.6,50,18.1,<15,20,64,15.4,94,40.4,49,17.8,NULL,NULL,NULL,NULL,<15,33.3,67,16.3,<15
3,2020-03-13T00:00:00,119,38.7,49,18.2,<15,20,64,15.4,108,38.9,47,17.5,<15,40.0,68.0,17.0,<15,33.3,67,16.3,<15
4,2020-03-14T00:00:00,157,40.8,48,18.4,<15,0,70,7.4,147,41.5,46,17.5,<15,40.0,68.0,17.0,<15,20,76,10.3,<15
5,2020-03-15T00:00:00,196,43.9,47,18.7,<15,20,74,7.6,181,44.2,45,17.6,<15,42.9,62.0,16.4,<15,37.5,79,9.1,<15
6,2020-03-16T00:00:00,216,43.5,47,18.8,<15,16.7,74,7.1,200,44,45,17.8,<15,50.0,59.0,16.1,<15,30,78,8.6,<15
7,2020-03-17T00:00:00,248,44,47,19.2,<15,16.7,74,7.1,230,44.8,46,18.5,<15,42.9,56.0,16.6,<15,27.3,77,8.8,<15
8,2020-03-18T00:00:00,295,42.4,47,19.1,<15,16.7,74,7.1,270,43.7,45,18.3,<15,25.0,59.0,14.8,<15,30.8,76,9.3,15.0
9,2020-03-19T00:00:00,283,41.3,48,19.6,<15,36.4,70,12.8,253,42.3,46,18.8,<15,25.0,60.0,13.7,18.0,38.9,73,12.4,20.0
10,2020-03-20T00:00:00,277,42.2,50,19.3,<15,36.4,70,12.8,242,43.4,48,19,15.0,26.7,59.0,12.5,20.0,40,71,11.9,23.0
11,2020-03-21T00:00:00,267,41.2,51,19.5,<15,35.7,68,12.5,223,42.6,49,19.3,21.0,28.6,60.0,11.4,23.0,39.1,71,12.9,27.0
12,2020-03-22T00:00:00,314,42.4,52,20,21.0,23.8,66,13.8,249,45.8,48,19.3,32.0,28.1,65.0,14.0,33.0,30.3,70,14.5,37.0
13,2020-03-23T00:00:00,340,42.6,54,20.1,22.0,27.3,69,12,266,44.7,50,19.4,36.0,33.3,66.0,14.8,38.0,36.8,73,12.7,43.0
14,2020-03-24T00:00:00,382,40.3,54,20.4,24.0,20.8,67,18.5,293,43.7,50,19.9,48.0,29.2,66.0,13.7,41.0,29.3,70,17.7,49.0
15,2020-03-25T00:00:00,402,39.3,55,20.1,26.0,26.9,65,19.4,304,42.8,51,19.8,53.0,26.4,65.0,13.4,45.0,31.1,70,18.5,54.0
16,2020-03-26T00:00:00,452,39.6,55,19.9,29.0,24.1,63,18.4,336,43.2,51,20,66.0,31.8,64.0,14.2,50.0,26,66,18.1,63.0
17,2020-03-27T00:00:00,488,39.8,56,19.7,35.0,22.9,61,19.7,359,44,53,19.8,70.0,27.1,64.0,13.7,59.0,28.8,65,19.1,74.0
18,2020-03-28T00:00:00,480,37.9,57,19.5,39.0,20.5,62,19.2,340,42.1,53,19.8,77.0,23.4,63.0,13.8,63.0,33.3,66,18.7,79.0
19,2020-03-29T00:00:00,502,36.9,57,19.3,48.0,16.7,62,17.3,348,41.7,54,19.8,81.0,24.7,63.0,14.8,73.0,27.4,65,17,92.0
20,2020-03-30T00:00:00,584,36.8,58,19.2,52.0,15.4,66,14.6,405,41.2,55,19.6,98.0,25.5,63.0,16.2,81.0,28.4,67,15.8,102.0
21,2020-03-31T00:00:00,643,36.1,58,19,62.0,16.1,65,14.3,441,39.7,55,19.1,111.0,28.8,65.0,17.3,91.0,27.5,67,15.1,117.0
22,2020-04-01T00:00:00,733,36.3,59,19.1,70.0,12.9,66,14.9,490,41.6,56,19.7,137.0,26.3,66.0,16.1,106.0,24.5,68,15.2,137.0
23,2020-04-02T00:00:00,784,37.8,59,19.1,76.0,15.8,66,14.2,535,43.2,56,19.7,140.0,26.4,66.0,16.2,109.0,25.7,68,14.3,149.0
24,2020-04-03T00:00:00,785,37.8,59,19.4,90.0,18.9,66,14.4,504,43.8,55,20.1,154.0,26.0,66.0,16.0,127.0,28.3,68,15.2,170.0
25,2020-04-04T00:00:00,762,37.1,60,19.8,105.0,19,65,15.1,460,45.2,56,21.1,165.0,24.2,66.0,15.7,137.0,25.5,67,15.5,185.0
26,2020-04-05T00:00:00,799,37,61,19.2,106.0,18.9,65,14.9,479,44.5,57,20.3,187.0,27.8,67.0,15.7,133.0,23.3,67,15.4,191.0
27,2020-04-06T00:00:00,786,37,62,18.4,108.0,17.6,65,15.2,438,42.5,57,19.3,203.0,35.0,68.0,15.6,145.0,23.4,66,15.5,211.0
28,2020-04-07T00:00:00,728,37.2,63,18.4,105.0,20,65,15.5,372,44.4,58,20,198.0,33.8,68.0,15.5,158.0,24.7,66,15.1,228.0
29,2020-04-08T00:00:00,675,36.9,63,18.3,114.0,19.3,65,15.3,318,45.3,59,20.2,193.0,32.6,68.0,15.6,164.0,25.6,66,15.1,245.0
30,2020-04-09T00:00:00,656,38.3,63,19.1,116.0,19,64,15.1,305,48.5,59,21.2,187.0,35.8,69.0,16.9,164.0,22,66,14.8,260.0
31,2020-04-10T00:00:00,663,38.3,63,19,127.0,20.5,65,15.2,323,48.9,58,20.7,171.0,33.9,70.0,16.6,169.0,22.5,66,14.9,270.0
32,2020-04-11T00:00:00,620,38.7,65,18.3,129.0,19.4,65,14.7,276,48.6,60,20.4,163.0,38.7,71.0,15.8,181.0,23.8,66,15.1,294.0
33,2020-04-12T00:00:00,660,39.8,65,18.3,129.0,18.6,66,14.7,309,46.9,61,20.2,174.0,43.1,69.0,16.5,177.0,24.3,67,15,312.0
34,2020-04-13T00:00:00,686,40.5,65,18.9,136.0,17.6,66,15.7,326,47.9,61,21.1,169.0,42.6,70.0,16.0,191.0,26.2,67,15.6,338.0
35,2020-04-14T00:00:00,673,41.8,66,19.1,132.0,18.9,66,15.7,324,49.4,62,21.8,173.0,44.5,71.0,15.4,176.0,25,67,15.5,344.0
36,2020-04-15T00:00:00,667,42.4,65,19.4,123.0,19.5,66,15.9,328,49.4,61,22,169.0,44.4,71.0,15.2,170.0,27.1,68,16.2,358.0
37,2020-04-16T00:00:00,672,42.7,65,19.9,124.0,20.2,66,15.9,344,51.2,61,22.6,159.0,44.0,71.0,15.3,169.0,24.3,67,15.7,367.0
38,2020-04-17T00:00:00,642,41.9,65,19.4,114.0,17.5,65,15.1,328,49.7,62,22.1,159.0,43.4,71.0,15.4,155.0,23.9,67,15.2,375.0
39,2020-04-18T00:00:00,613,43.1,65,19.7,113.0,19.5,65,15.5,306,52,61,22.6,140.0,46.4,72.0,15.4,167.0,24,66,15.1,389.0
40,2020-04-19T00:00:00,606,43.2,65,19.3,114.0,18.4,65,15,307,51.8,61,21.7,147.0,48.3,72.0,15.8,152.0,21.1,66,14.9,397.0
41,2020-04-20T00:00:00,585,43.8,65,19.1,122.0,19.7,66,15.3,300,52,61,21.3,133.0,48.9,71.0,15.3,152.0,23,66,15.5,402.0
42,2020-04-21T00:00:00,535,43.2,65,19.2,118.0,19.5,66,14.9,248,52.4,60,21.7,143.0,48.3,72.0,15.5,144.0,22.2,66,15.4,408.0
43,2020-04-22T00:00:00,509,41.1,65,19.1,110.0,19.1,66,14.6,242,50.8,60,21.3,119.0,42.9,72.0,16.3,148.0,23.6,67,15,416.0
69,2020-05-18T00:00:00,168,42.3,65,19.9,42.0,21.4,66,15.5,75,57.3,62,23,42.0,38.1,68.0,17.9,51.0,23.5,67,15.8,478.0
44,2020-04-23T00:00:00,485,39.6,65,19.6,113.0,17.7,67,14.2,236,47.9,60,22.3,104.0,43.3,72.0,15.2,145.0,23.4,67,15.1,421.0
45,2020-04-24T00:00:00,455,40.2,65,19.1,108.0,18.5,68,14.5,205,50.2,59,21.5,106.0,40.6,71.0,16.1,144.0,25.7,69,15.1,428.0
46,2020-04-25T00:00:00,431,40.4,65,19.1,107.0,15.9,67,14.6,193,49.7,60,21.6,103.0,45.6,72.0,14.9,135.0,23,68,15.5,431.0
47,2020-04-26T00:00:00,427,39.6,65,19.1,110.0,16.4,67,15.5,197,46.2,60,20.9,89.0,49.4,72.0,15.3,141.0,24.1,67,16.7,438.0
48,2020-04-27T00:00:00,404,39.1,66,18.6,101.0,15.8,68,14.6,186,45.7,61,20.9,87.0,51.7,72.0,13.7,131.0,21.4,68,15.9,440.0
49,2020-04-28T00:00:00,384,40.1,65,19.5,100.0,16,67,15.5,175,48.6,60,22.3,83.0,50.6,72.0,14.4,126.0,21.4,68,16.1,444.0
50,2020-04-29T00:00:00,375,41.1,65,19.7,96.0,16.7,67,15.2,171,51.5,59,22.8,82.0,43.9,70.0,14.4,122.0,24.6,69,16,449.0
51,2020-04-30T00:00:00,369,41.2,65,19.6,90.0,16.7,66,15.3,174,52.3,61,21.7,84.0,40.5,68.0,18.3,111.0,24.3,68,15.8,452.0
52,2020-05-01T00:00:00,338,41.7,64,19.9,89.0,16.9,66,15.7,151,53,57,22.6,78.0,46.2,72.0,14.3,109.0,22.9,68,16.1,456.0
53,2020-05-02T00:00:00,332,43.7,64,20,90.0,17.8,66,14.3,158,57.6,58,22.5,63.0,44.4,73.0,14.9,111.0,23.4,68,15.9,458.0
54,2020-05-03T00:00:00,319,45.5,64,20.4,84.0,16.7,66,13.9,149,59.1,58,22.9,69.0,49.3,74.0,16.1,101.0,22.8,68,15.5,458.0
55,2020-05-04T00:00:00,302,44.4,64,21.2,78.0,17.9,66,13.8,135,58.5,56,24,70.0,45.7,72.0,16.9,97.0,23.7,68,15.7,459.0
56,2020-05-05T00:00:00,266,44,65,20.7,72.0,18.1,66,13.9,115,60.9,58,23.6,60.0,43.3,74.0,16.4,91.0,23.1,68,15.8,459.0
57,2020-05-06T00:00:00,262,43.5,64,20.7,70.0,18.6,66,13.9,114,58.8,57,23.2,60.0,41.7,75.0,15.8,88.0,25,67,15.9,460.0
58,2020-05-07T00:00:00,249,45,65,19.9,70.0,18.6,67,13.7,107,59.8,57,22.4,58.0,44.8,75.0,16.3,84.0,26.2,68,14.2,461.0
59,2020-05-08T00:00:00,238,45.4,65,20,64.0,20.3,67,13.7,108,57.4,58,22.6,52.0,51.9,74.0,16.8,78.0,24.4,68,14.3,463.0
189,2020-09-15T00:00:00,1271,44.9,63,19,136.0,23.5,65,13.5,532,47.7,59,22.4,232.0,49.6,68.0,16.0,507.0,39.8,66,15,3650.0
60,2020-05-09T00:00:00,242,45.9,64,20.3,64.0,20.3,66,14.9,115,60.9,59,23.1,49.0,44.9,73.0,16.0,78.0,24.4,67,15.4,464.0
61,2020-05-10T00:00:00,239,43.9,64,19.9,66.0,19.7,66,15.3,114,58.8,58,22.2,51.0,45.1,72.0,16.4,74.0,20.3,67,15.5,467.0
62,2020-05-11T00:00:00,224,44.2,65,19.7,60.0,18.3,66,16.4,102,59.8,60,22,53.0,47.2,73.0,16.0,69.0,18.8,67,16.4,470.0
63,2020-05-12T00:00:00,215,44.2,65,19.6,56.0,21.4,65,16.4,99,56.6,61,22,51.0,47.1,71.0,17.4,65.0,23.1,67,15.7,472.0
64,2020-05-13T00:00:00,197,43.7,66,19.3,52.0,23.1,66,15.3,89,56.2,63,22,48.0,45.8,69.0,17.5,60.0,23.3,67,15.9,474.0
65,2020-05-14T00:00:00,192,44.3,65,19.6,51.0,23.5,66,15.5,89,58.4,63,22.5,43.0,44.2,69.0,17.1,60.0,23.3,67,15.8,475.0
66,2020-05-15T00:00:00,183,44.3,65,19.6,51.0,23.5,66,15.5,80,60,62,22.6,43.0,44.2,70.0,17.5,60.0,23.3,67,15.8,475.0
67,2020-05-16T00:00:00,177,45.2,65,19.9,50.0,24,66,15.6,78,61.5,61,23.1,40.0,45.0,70.0,17.0,59.0,23.7,67,16,475.0
68,2020-05-17T00:00:00,181,45.9,65,20.2,44.0,25,66,16.2,89,61.8,62,22.6,38.0,39.5,69.0,18.9,54.0,24.1,67,15.7,477.0
70,2020-05-19T00:00:00,161,42.2,65,19.3,39.0,20.5,67,14.1,68,58.8,62,21.8,43.0,32.6,66.0,18.2,50.0,28,67,16.1,480.0
71,2020-05-20T00:00:00,155,43.2,64,19.6,40.0,22.5,68,12.8,70,58.6,61,21.7,40.0,32.5,66.0,20.5,45.0,28.9,69,13.6,480.0
72,2020-05-21T00:00:00,145,40.7,63,20,36.0,22.2,67,13.7,68,51.5,58,23,31.0,35.5,66.0,17.4,46.0,28.3,70,13.9,480.0
73,2020-05-22T00:00:00,137,40.9,63,19.7,36.0,22.2,67,13.7,60,55,57,22.8,32.0,34.4,65.0,17.1,45.0,26.7,70,14,480.0
74,2020-05-23T00:00:00,138,39.9,63,19.6,36.0,22.2,67,13.7,60,53.3,57,22.8,33.0,33.3,65.0,16.9,45.0,26.7,70,14,480.0
75,2020-05-24T00:00:00,136,39.7,63,19.6,33.0,24.2,67,13.3,58,53.4,57,23.1,36.0,33.3,67.0,15.3,42.0,26.2,69,14.9,480.0
76,2020-05-25T00:00:00,127,37.8,62,19.7,28.0,25,65,13.8,55,49.1,54,22.7,32.0,31.3,67.0,12.8,40.0,27.5,69,15.6,481.0
77,2020-05-26T00:00:00,119,40.3,64,18.6,31.0,25.8,66,13.6,47,51.1,59,22.4,37.0,37.8,67.0,14.7,35.0,28.6,69,14.8,481.0
78,2020-05-27T00:00:00,117,40.2,64,17.8,35.0,25.7,67,12.8,41,51.2,59,21.3,37.0,40.5,65.0,15.9,39.0,28.2,69,14.1,482.0
79,2020-05-28T00:00:00,117,36.8,63,17.5,33.0,27.3,67,13.2,45,46.7,59,20.6,37.0,35.1,64.0,15.2,35.0,25.7,68,14,482.0
80,2020-05-29T00:00:00,116,35.3,63,17.3,36.0,25,67,12.8,42,40.5,57,20.1,36.0,38.9,65.0,16.0,38.0,26.3,67,13.4,483.0
81,2020-05-30T00:00:00,121,34.7,63,17.2,32.0,21.9,67,13.4,44,40.9,57,20.5,43.0,37.2,66.0,14.9,34.0,23.5,67,13.2,483.0
82,2020-05-31T00:00:00,122,35.2,63,16.7,30.0,23.3,67,13.6,41,41.5,57,19.8,47.0,31.9,65.0,13.4,34.0,32.4,69,14.1,484.0
83,2020-06-01T00:00:00,123,35,62,17.8,28.0,21.4,67,13.7,47,42.6,56,22.1,45.0,35.6,65.0,12.8,31.0,22.6,68,14.1,484.0
84,2020-06-02T00:00:00,115,34.8,61,19.6,28.0,25,68,14,43,41.9,54,25.3,44.0,34.1,64.0,12.7,28.0,25,69,14.4,485.0
85,2020-06-03T00:00:00,116,35.3,61,19.4,24.0,29.2,67,14.8,48,45.8,55,24,41.0,29.3,64.0,13.1,27.0,25.9,69,14.8,485.0
86,2020-06-04T00:00:00,122,34.4,60,20,22.0,31.8,67,15.3,57,40.4,52,23,36.0,30.6,65.0,13.8,29.0,27.6,68,14.3,488.0
87,2020-06-05T00:00:00,117,34.2,60,19.7,22.0,31.8,67,15.5,48,41.7,50,22.2,41.0,29.3,67.0,12.8,28.0,28.6,69,14.5,488.0
88,2020-06-06T00:00:00,113,34.5,61,19.2,20.0,35,67,16,43,44.2,53,23.6,42.0,28.6,65.0,13.7,28.0,28.6,68,14.2,491.0
89,2020-06-07T00:00:00,121,33.9,60,20.4,22.0,31.8,67,15.4,51,41.2,51,22.9,42.0,28.6,65.0,15.6,28.0,28.6,69,15.2,495.0
90,2020-06-08T00:00:00,132,34.8,58,21,22.0,31.8,67,15.4,57,42.1,48,23.1,46.0,30.4,64.0,15.4,29.0,27.6,69,15.3,497.0
91,2020-06-09T00:00:00,128,35.2,60,19.9,23.0,34.8,67,15.7,56,46.4,53,24.1,42.0,23.8,64.0,12.4,30.0,30,68,15.7,500.0
92,2020-06-10T00:00:00,134,35.1,60,19.8,22.0,36.4,67,16,59,44.1,54,23.7,45.0,26.7,64.0,13.6,30.0,30,66,16.1,501.0
93,2020-06-11T00:00:00,127,31.5,60,18.6,22.0,31.8,67,15.7,56,37.5,54,22.1,38.0,26.3,61.0,13.0,33.0,27.3,68,14.7,505.0
94,2020-06-12T00:00:00,131,30.5,62,17.4,23.0,30.4,67,15.5,55,36.4,57,20.3,43.0,25.6,63.0,14.0,33.0,27.3,67,14.5,508.0
95,2020-06-13T00:00:00,128,32,61,16.9,24.0,29.2,67,15.2,50,40,55,20.2,45.0,28.9,63.0,12.6,33.0,24.2,68,13.1,508.0
96,2020-06-14T00:00:00,138,33.3,62,16.2,21.0,28.6,71,9.1,61,41,57,19,48.0,29.2,62.0,13.0,29.0,24.1,71,9.8,509.0
97,2020-06-15T00:00:00,153,34.6,61,16.8,24.0,29.2,68,12.3,71,38,59,19.3,47.0,31.9,59.0,14.5,35.0,31.4,67,12.9,516.0
98,2020-06-16T00:00:00,149,33.6,59,17.6,25.0,32,68,12,69,34.8,55,19.2,43.0,32.6,61.0,15.5,37.0,32.4,66,14.7,519.0
99,2020-06-17T00:00:00,154,34.4,60,17.8,28.0,35.7,69,12.3,70,37.1,54,19.7,49.0,30.6,61.0,15.9,35.0,34.3,69,11.5,521.0
100,2020-06-18T00:00:00,182,39.6,61,17.9,27.0,37,70,12.6,100,46,56,18.4,43.0,32.6,64.0,17.1,39.0,30.8,71,12.3,526.0
101,2020-06-19T00:00:00,186,41.4,63,16.6,27.0,37,70,12.6,102,45.1,61,16.9,47.0,40.4,63.0,17.4,37.0,32.4,71,11.9,529.0
102,2020-06-20T00:00:00,209,44,63,17.4,27.0,37,70,12.6,120,48.3,61,18.3,49.0,38.8,63.0,16.7,40.0,37.5,72,12,533.0
103,2020-06-21T00:00:00,242,43.4,63,17.5,28.0,39.3,70,12.4,140,47.1,59,18.2,58.0,43.1,65.0,16.9,44.0,31.8,72,11.9,539.0
104,2020-06-22T00:00:00,227,41,64,17.4,28.0,39.3,68,15.4,130,43.1,60,18.2,55.0,41.8,68.0,15.5,42.0,33.3,70,14.1,541.0
105,2020-06-23T00:00:00,212,40.1,64,17.3,25.0,40,66,15.5,122,41.8,61,18.4,51.0,39.2,68.0,14.7,39.0,35.9,70,14.5,543.0
106,2020-06-24T00:00:00,215,39.5,64,17.2,26.0,38.5,67,15.7,127,41.7,61,18.4,44.0,36.4,66.0,14.5,44.0,36.4,70,14.2,548.0
107,2020-06-25T00:00:00,209,40.2,64,17.7,27.0,37,68,15.2,111,40.5,60,19,55.0,41.8,68.0,16.3,43.0,37.2,67,14.2,553.0
108,2020-06-26T00:00:00,230,46.1,62,19.9,25.0,36,66,14.7,130,51.5,57,22.1,56.0,41.1,67.0,16.1,44.0,36.4,68,13.3,559.0
109,2020-06-27T00:00:00,235,48.5,62,20.5,21.0,23.8,69,8.5,140,53.6,58,23.1,56.0,48.2,68.0,15.0,39.0,30.8,69,11.6,560.0
110,2020-06-28T00:00:00,261,45.2,62,19.4,21.0,28.6,69,9.8,156,48.7,58,21.2,67.0,46.3,69.0,15.6,38.0,28.9,68,11.8,564.0
111,2020-06-29T00:00:00,267,43.4,62,19.6,23.0,30.4,69,10,156,44.2,57,20.8,68.0,47.1,71.0,15.7,43.0,34.9,67,14,569.0
112,2020-06-30T00:00:00,285,44.6,62,19,23.0,30.4,69,11.4,162,46.3,58,19.8,68.0,47.1,68.0,17.1,55.0,36.4,68,14.6,581.0
113,2020-07-01T00:00:00,323,43.3,60,20.6,23.0,34.8,68,11.3,192,43.8,55,21.5,73.0,52.1,66.0,19.0,58.0,31,69,13.5,588.0
114,2020-07-02T00:00:00,334,43.1,61,21,27.0,40.7,72,15.2,191,44.5,55,22.2,72.0,41.7,69.0,16.8,71.0,40.8,70,14.9,608.0
115,2020-07-03T00:00:00,347,41.5,60,21,28.0,32.1,72,15.3,191,45,53,22.2,75.0,37.3,67.0,16.6,81.0,37,70,14.9,616.0
116,2020-07-04T00:00:00,359,42.9,61,20.8,32.0,25,68,15.4,192,49,53,22.1,83.0,33.7,69.0,16.0,84.0,38.1,69,14.4,625.0
117,2020-07-05T00:00:00,413,42.1,61,20.2,32.0,25,70,15,238,45.8,55,21,81.0,39.5,71.0,15.9,94.0,35.1,69,14.3,638.0
118,2020-07-06T00:00:00,433,42.3,61,19.9,34.0,23.5,69,15.1,249,46.6,56,20.5,94.0,35.1,70.0,17.4,90.0,37.8,68,14.8,645.0
119,2020-07-07T00:00:00,453,41.1,62,20.3,35.0,25.7,70,15.5,267,45.7,57,21.3,95.0,31.6,67.0,19.3,91.0,37.4,69,14.3,659.0
120,2020-07-08T00:00:00,480,42.3,62,19.9,38.0,26.3,68,15.8,279,46.6,57,21.1,89.0,37.1,69.0,16.2,112.0,35.7,69,15.6,683.0
121,2020-07-09T00:00:00,537,43.8,61,20.2,41.0,24.4,68,16.3,312,49,56,21.1,100.0,37.0,67.0,17.1,125.0,36,70,15.9,715.0
122,2020-07-10T00:00:00,549,45.4,61,20.7,41.0,26.8,68,16.3,314,51.3,55,22,105.0,39.0,67.0,16.2,130.0,36.2,69,15.8,730.0
123,2020-07-11T00:00:00,553,43.9,61,19.7,46.0,26.1,68,15.8,298,48.7,55,20.5,120.0,39.2,69.0,15.8,135.0,37.8,69,16,748.0
124,2020-07-12T00:00:00,627,45.6,61,20.3,47.0,29.8,67,15.3,352,52.6,55,21,124.0,35.5,69.0,16.9,151.0,37.7,68,16.1,776.0
125,2020-07-13T00:00:00,640,45.5,61,20.4,52.0,26.9,68,14.6,337,54,55,21.6,120.0,33.3,67.0,17.9,183.0,37.7,68,16.2,818.0
126,2020-07-14T00:00:00,628,44.7,62,20.1,54.0,29.6,69,16.1,302,53,56,21.5,138.0,38.4,65.0,18.3,188.0,36.2,68,16,850.0
127,2020-07-15T00:00:00,660,45.6,61,20.3,56.0,30.4,68,15.9,336,50.9,56,21.4,119.0,39.5,64.0,18.7,205.0,40.5,68,16.7,886.0
128,2020-07-16T00:00:00,671,47.7,61,20.8,57.0,28.1,67,15.4,338,54.1,55,22.1,129.0,42.6,63.0,18.7,204.0,40.2,69,16.2,912.0
129,2020-07-17T00:00:00,682,47.2,61,20.4,56.0,30.4,66,14.7,322,52.2,56,22.6,146.0,46.6,63.0,18.1,214.0,40.2,67,15.9,938.0
130,2020-07-18T00:00:00,693,45.9,61,20.3,55.0,29.1,65,15,316,50.9,55,22.6,147.0,48.3,64.0,17.5,230.0,37.4,67,16.3,966.0
131,2020-07-19T00:00:00,805,47.6,60,20.9,72.0,34.7,66,16.4,397,52.1,54,23,142.0,43.7,64.0,16.9,266.0,42.9,67,16.5,1032.0
132,2020-07-20T00:00:00,803,47.6,61,20.5,79.0,34.2,65,15.8,395,51.6,55,22.4,147.0,47.6,64.0,18.2,261.0,41.4,67,16.1,1070.0
133,2020-07-21T00:00:00,782,47.8,60,20.9,81.0,33.3,65,15.9,388,51,55,22.7,139.0,46.0,65.0,18.1,255.0,43.9,66,16.8,1105.0
134,2020-07-22T00:00:00,783,47.8,62,20.6,80.0,35,64,15.7,364,51.9,56,23.1,136.0,47.8,67.0,16.5,283.0,42.4,67,16.6,1159.0
135,2020-07-23T00:00:00,804,47.9,62,19.8,83.0,32.5,64,14.9,347,55.6,57,22.2,150.0,44.7,65.0,18.9,307.0,40.7,67,15.6,1212.0
136,2020-07-24T00:00:00,796,47.1,63,19.4,87.0,33.3,64,14.3,321,54.8,58,22,148.0,44.6,66.0,18.3,327.0,40.7,67,15.6,1248.0
137,2020-07-25T00:00:00,800,47.8,63,19.5,98.0,35.7,65,14.6,305,52.8,57,23,174.0,46.6,67.0,16.4,321.0,43.6,67,15.5,1269.0
138,2020-07-26T00:00:00,874,48.1,62,19.9,99.0,34.3,65,15.1,367,53.4,57,23.1,196.0,47.4,67.0,17.3,311.0,42.1,67,15.1,1305.0
139,2020-07-27T00:00:00,899,47.4,62,20.3,94.0,37.2,64,16.4,403,52.1,58,23.1,180.0,50.0,65.0,18.7,316.0,39.9,66,16,1350.0
140,2020-07-28T00:00:00,879,48.7,63,20.4,94.0,39.4,63,15.2,375,53.6,57,23.1,182.0,51.6,65.0,19.5,322.0,41.3,67,15.7,1396.0
141,2020-07-29T00:00:00,868,48.2,64,19.4,95.0,37.9,64,14.8,365,55.9,59,21.9,169.0,46.7,66.0,18.2,334.0,40.4,68,15.6,1442.0
142,2020-07-30T00:00:00,838,47.7,64,18.8,100.0,38,64,15.3,352,54,61,20.9,170.0,42.4,65.0,18.5,316.0,43.7,68,15.8,1474.0
143,2020-07-31T00:00:00,835,48,64,18.9,93.0,39.8,63,14.5,351,53,61,21.2,168.0,44.6,65.0,18.0,316.0,44.3,67,16.1,1502.0
144,2020-08-01T00:00:00,849,48.6,64,19.3,93.0,37.6,64,14.9,353,52.4,60,21.5,164.0,47.6,65.0,17.7,332.0,45.2,67,16.7,1544.0
145,2020-08-02T00:00:00,923,47.2,64,19.1,98.0,38.8,63,15.1,411,49.1,60,20.7,169.0,50.3,65.0,17.8,343.0,43.4,68,16.8,1587.0
146,2020-08-03T00:00:00,903,47.4,64,19.2,94.0,39.4,64,14.5,433,50.1,60,21.3,144.0,47.9,67.0,17.9,326.0,43.6,67,15.8,1626.0
147,2020-08-04T00:00:00,866,48.8,64,18.9,98.0,41.8,64,15.1,366,56.3,60,21.2,161.0,47.2,67.0,18.3,339.0,41.6,67,15.3,1678.0
148,2020-08-05T00:00:00,882,47.4,64,18.9,105.0,41,66,14.2,368,54.1,59,21.1,162.0,44.4,67.0,18.5,352.0,41.8,67,15.4,1712.0
149,2020-08-06T00:00:00,863,46.8,64,19,97.0,38.1,66,14.2,360,55,59,21.3,148.0,42.6,68.0,17.1,355.0,40.3,68,15.7,1749.0
150,2020-08-07T00:00:00,868,46.9,64,19,103.0,39.8,65,13.6,347,56.2,60,21.2,158.0,43.7,66.0,18.7,363.0,39.4,67,16.1,1786.0
151,2020-08-08T00:00:00,883,44.7,64,19,101.0,40.6,65,14,321,52.3,59,22.3,177.0,39.5,65.0,17.5,385.0,40.8,67,15.8,1826.0
152,2020-08-09T00:00:00,983,46.1,63,19.5,110.0,41.8,65,13.9,402,52.7,58,22.2,196.0,42.9,66.0,18.1,385.0,40.8,67,15.5,1873.0
153,2020-08-10T00:00:00,920,46.1,64,18.8,109.0,42.2,66,13.9,350,53.7,60,21.8,181.0,41.4,66.0,17.8,389.0,41.4,67,15.4,1909.0
154,2020-08-11T00:00:00,886,45.8,64,18.3,110.0,40.9,66,13.5,325,51.7,60,21.2,188.0,43.1,66.0,16.8,373.0,42.1,67,15.4,1953.0
155,2020-08-12T00:00:00,867,45.1,65,18,107.0,39.3,66,14,324,49.7,61,20.7,170.0,47.6,66.0,16.6,373.0,39.9,67,15.5,1992.0
156,2020-08-13T00:00:00,866,44.5,64,18,108.0,39.8,66,14.2,319,51.4,60,21,177.0,39.5,65.0,16.0,370.0,40.8,67,15.3,2035.0
157,2020-08-14T00:00:00,862,43.7,64,17.9,103.0,38.8,66,13.7,316,50.3,61,20.6,179.0,41.9,65.0,16.5,367.0,39,67,15.5,2069.0
158,2020-08-15T00:00:00,893,44.3,64,17.5,111.0,37.8,67,14.2,332,52.7,61,20,178.0,38.2,66.0,15.1,383.0,39.9,67,15.5,2105.0
159,2020-08-16T00:00:00,958,45.9,63,18.3,107.0,35.5,66,13.9,392,51,59,21,194.0,42.8,67.0,16.0,372.0,42.2,66,15.2,2150.0
160,2020-08-17T00:00:00,923,47.3,64,18.2,109.0,33,65,14.2,353,53.3,59,21.1,181.0,47.0,67.0,16.3,389.0,42.2,67,15.1,2197.0
161,2020-08-18T00:00:00,930,46.9,64,18.2,112.0,34.8,66,14.4,353,53.8,60,21.2,182.0,42.3,67.0,16.4,395.0,42.8,67,15.2,2251.0
162,2020-08-19T00:00:00,902,46.7,63,19,112.0,34.8,66,14.3,347,53.3,59,21.9,175.0,42.3,65.0,18.3,380.0,42.6,66,15.5,2285.0
163,2020-08-20T00:00:00,902,47,63,19.2,111.0,35.1,65,13.8,337,52.2,58,22.7,174.0,43.1,64.0,17.5,391.0,44.2,67,15,2334.0
164,2020-08-21T00:00:00,897,45.5,64,19.1,111.0,37.8,65,14,333,51.1,59,23,168.0,41.7,62.0,17.9,396.0,42.4,67,14.7,2369.0
165,2020-08-22T00:00:00,912,45.2,65,18.5,113.0,35.4,65,13.3,333,49.8,61,22.2,179.0,44.1,64.0,17.0,400.0,41.8,68,14.8,2397.0
166,2020-08-23T00:00:00,989,46.6,64,18.9,113.0,34.5,65,13,378,50.5,59,22.2,210.0,43.8,64.0,17.3,401.0,44.4,68,15.1,2455.0
167,2020-08-24T00:00:00,999,47.2,64,18.8,116.0,37.1,65,13.1,377,54.1,59,22,200.0,44.0,65.0,17.7,422.0,42.7,67,15.1,2516.0
168,2020-08-25T00:00:00,959,47.9,64,18.8,115.0,35.7,65,13.2,354,57.6,60,22,180.0,45.6,65.0,17.7,425.0,40.7,67,15.5,2561.0
169,2020-08-26T00:00:00,979,47.4,63,19,115.0,34.8,65,14.2,377,54.1,58,21.8,190.0,45.8,65.0,18.2,412.0,42,67,15.2,2604.0
170,2020-08-27T00:00:00,977,47.1,63,19.1,115.0,33.9,65,13.4,370,55.1,59,22.2,187.0,41.7,65.0,18.1,420.0,42.4,67,15.4,2657.0
171,2020-08-28T00:00:00,934,45.7,64,18.3,108.0,33.3,66,12.5,326,51.8,60,21.1,199.0,40.2,66.0,18.0,409.0,43.5,67,15.3,2695.0
172,2020-08-29T00:00:00,933,46.8,64,18.7,114.0,34.2,65,13.5,306,54.9,59,22.5,194.0,42.8,66.0,17.7,433.0,43,66,15.3,2729.0
173,2020-08-30T00:00:00,1044,46.7,63,19.6,123.0,35,65,13.1,387,54.5,57,22.6,212.0,43.4,66.0,18.3,445.0,41.6,67,15.6,2779.0
174,2020-08-31T00:00:00,1041,44.5,63,18.9,118.0,32.2,65,12.9,409,51.8,58,21.9,207.0,41.5,66.0,16.4,425.0,38.8,67,15.3,2829.0
175,2020-09-01T00:00:00,978,44.4,64,18.3,114.0,30.7,64,13.2,373,50.4,60,21.3,197.0,44.7,65.0,16.7,408.0,38.7,67,15.2,2866.0
176,2020-09-02T00:00:00,956,45.2,64,17.8,120.0,32.5,64,13.2,378,52.9,61,20.5,170.0,43.5,63.0,18.3,408.0,38.7,67,14.2,2915.0
177,2020-09-03T00:00:00,945,44.2,64,18,115.0,31.3,64,12.7,393,50.1,60,20.9,154.0,42.9,64.0,17.4,398.0,38.9,67,14.2,2945.0
178,2020-09-04T00:00:00,947,43.3,64,17.8,119.0,29.4,65,12.8,394,49,61,20.9,146.0,45.2,65.0,15.4,407.0,37.1,67,14.4,2995.0
179,2020-09-05T00:00:00,965,42.6,64,18.3,123.0,33.3,64,13.9,387,46.3,61,21.6,146.0,45.2,65.0,16.2,432.0,38.4,66,15,3045.0
180,2020-09-06T00:00:00,1081,43.6,63,18.5,131.0,29.8,64,13.7,451,50.8,59,21.4,179.0,40.8,63.0,16.8,451.0,37.5,67,14.8,3104.0
181,2020-09-07T00:00:00,1061,44.4,64,18.7,132.0,28,64,13.6,435,51,60,22.2,181.0,45.9,63.0,16.7,445.0,37.3,68,14.5,3153.0
182,2020-09-08T00:00:00,1097,43.8,63,19.3,140.0,29.3,64,13.9,458,50.9,59,23.1,185.0,41.1,64.0,16.7,454.0,37.7,67,14.7,3208.0
183,2020-09-09T00:00:00,1105,43.2,64,19.2,138.0,26.8,65,13.9,439,47.6,59,23.2,187.0,43.3,67.0,16.0,479.0,39,66,15.3,3284.0
184,2020-09-10T00:00:00,1137,43.4,63,19.3,136.0,27.2,65,13.6,448,50.4,59,22.7,200.0,43.5,67.0,17.1,489.0,37,66,15.6,3346.0
185,2020-09-11T00:00:00,1140,43.8,63,19.5,132.0,28,65,13.1,452,50.4,59,22.8,202.0,44.6,67.0,18.9,486.0,37.2,66,15.1,3396.0
186,2020-09-12T00:00:00,1138,45.1,64,19.3,134.0,26.1,65,13.4,420,52.4,59,23.3,206.0,48.1,67.0,18.6,512.0,37.9,66,14.6,3458.0
187,2020-09-13T00:00:00,1267,44.9,63,19.8,138.0,26.1,65,13.1,523,50.9,58,23.2,233.0,46.4,66.0,19.6,511.0,38.2,67,14.3,3523.0
188,2020-09-14T00:00:00,1300,45.8,63,19.8,136.0,24.3,65,13.8,551,51,58,23.2,233.0,48.5,67.0,17.7,516.0,39,67,14.8,3588.0
190,2020-09-16T00:00:00,1319,45.1,63,19.2,138.0,22.5,65,13.6,532,51.3,59,22.7,264.0,48.1,66.0,17.3,523.0,37.3,66,15,3730.0
191,2020-09-17T00:00:00,1334,44.8,63,18.9,148.0,25,65,12.4,528,47.7,58,21.8,250.0,51.2,67.0,17.1,556.0,39,66,15.4,3818.0
192,2020-09-18T00:00:00,1331,43.7,64,18.5,150.0,22.7,65,12.7,494,46.6,60,21.5,258.0,48.4,66.0,18.3,579.0,39.2,66,14.7,3894.0
193,2020-09-19T00:00:00,1336,43.9,64,18.6,152.0,24.3,65,13.1,481,48,60,22.1,251.0,48.2,66.0,17.4,604.0,38.9,66,15.1,3968.0
194,2020-09-20T00:00:00,1432,43.4,64,18.7,163.0,24.5,66,12.7,571,45.9,60,22.2,241.0,46.1,65.0,18.3,620.0,40.2,67,14.4,4044.0
195,2020-09-21T00:00:00,1504,42.6,64,18.5,163.0,26.4,65,12.9,583,46.5,61,21.9,279.0,44.1,67.0,17.0,642.0,38.3,66,15,4144.0
196,2020-09-22T00:00:00,1494,42.8,64,18.5,161.0,28,65,13.3,578,46.2,60,21.8,293.0,43.7,67.0,17.0,623.0,39.3,67,14.7,4227.0
197,2020-09-23T00:00:00,1508,42.2,64,18.2,156.0,26.9,65,13.3,580,46.6,61,21.4,264.0,45.5,67.0,16.8,664.0,37.2,66,14.9,4328.0
198,2020-09-24T00:00:00,1540,42.9,64,18.3,157.0,27.4,66,13.1,603,49.1,61,21.6,279.0,41.2,64.0,17.2,658.0,38,66,14.8,4421.0
199,2020-09-25T00:00:00,1554,41.3,63,18.2,171.0,28.7,65,13.3,594,47.5,60,21.5,258.0,41.1,64.0,16.6,702.0,36.2,66,15,4534.0
200,2020-09-26T00:00:00,1593,41.1,63,18,191.0,27.7,65,13.3,594,47.6,60,21.1,283.0,42.8,64.0,18.0,716.0,34.9,66,14.4,4625.0
201,2020-09-27T00:00:00,1694,41.1,63,18,202.0,26.7,66,13.4,679,47.9,60,20.8,285.0,43.5,64.0,17.3,730.0,33.8,66,14.7,4738.0
202,2020-09-28T00:00:00,1673,41.1,64,18,194.0,24.7,65,13.2,614,49.8,60,21.4,302.0,41.4,65.0,16.5,757.0,33.8,66,14.8,4816.0
203,2020-09-29T00:00:00,1821,40.9,63,18.3,197.0,27.4,65,13.7,712,49,60,21.7,311.0,36.7,63.0,17.2,798.0,35.3,66,14.7,4942.0
204,2020-09-30T00:00:00,1740,40.6,64,18.4,204.0,27.9,65,13.9,633,49,60,22.2,285.0,38.9,65.0,17.9,822.0,34.7,67,14.4,5067.0
205,2020-10-01T00:00:00,1721,39.9,64,18.4,189.0,26.5,66,13.3,611,46.2,60,22.2,298.0,39.6,66.0,17.8,812.0,35.3,67,14.6,5188.0
206,2020-10-02T00:00:00,1730,39.7,65,18,199.0,28.6,66,13.3,588,46.8,61,21.7,293.0,39.6,65.0,17.5,849.0,34.9,67,14.5,5287.0
207,2020-10-03T00:00:00,1713,38.8,65,17.4,215.0,28.8,66,12.9,541,44.7,63,21.2,330.0,39.4,65.0,16.7,842.0,34.8,67,14.5,5369.0
208,2020-10-04T00:00:00,1848,38.7,65,17.7,213.0,28.6,67,13.3,597,44.7,62,21.4,353.0,38.5,66.0,16.1,898.0,34.7,67,15.1,5499.0
209,2020-10-05T00:00:00,1797,38.6,65,17.8,214.0,28,66,13,588,46.1,62,21.7,338.0,37.6,65.0,16.4,871.0,33.9,68,14.8,5603.0
210,2020-10-06T00:00:00,1785,37.6,65,17.8,216.0,25.5,66,13.5,579,43.4,62,21.3,352.0,40.1,65.0,17.5,854.0,32.8,68,14.6,5688.0
211,2020-10-07T00:00:00,1736,37.6,65,17.9,225.0,26.2,66,13.2,562,44.1,62,21.4,324.0,40.4,65.0,18.0,850.0,32.1,67,14.6,5782.0
212,2020-10-08T00:00:00,1714,37.6,65,17.6,227.0,26.9,67,12.7,534,45.9,62,21.7,331.0,39.0,66.0,16.9,849.0,31.8,67,14.3,5878.0
213,2020-10-09T00:00:00,1611,37.8,65,17.7,225.0,25.8,66,13.6,482,44.8,61,22,290.0,40.7,66.0,16.5,839.0,32.8,67,14.8,5954.0
214,2020-10-10T00:00:00,1589,37.7,66,17.5,224.0,25.9,66,13.7,478,45.8,63,21.9,293.0,38.2,66.0,16.7,818.0,32.8,68,14.5,6011.0
215,2020-10-11T00:00:00,1717,37.6,66,17.6,222.0,26.1,67,13.2,584,44.7,62,21,315.0,36.2,66.0,16.9,818.0,33,68,14.4,6111.0
216,2020-10-12T00:00:00,1655,37,66,17.7,219.0,25.6,67,13.1,536,44.8,62,21.4,305.0,31.8,67.0,16.9,814.0,33.8,69,14.5,6183.0
217,2020-10-13T00:00:00,1546,37.6,66,17.7,231.0,24.2,66,12.8,493,47.7,61,22,275.0,32.4,68.0,16.4,778.0,33.2,69,14.2,6250.0
218,2020-10-14T00:00:00,1483,37.8,66,17.8,226.0,25.7,67,12.8,489,47,62,22.2,255.0,33.7,68.0,16.5,739.0,33.2,69,14.2,6320.0
219,2020-10-15T00:00:00,1399,37.4,67,17.6,215.0,26,66,12.7,437,47.8,63,22.4,242.0,33.5,69.0,15.6,720.0,32.4,68,14.2,6381.0
220,2020-10-16T00:00:00,1284,37.9,67,17.9,227.0,26,66,12.6,383,48.6,63,22.7,225.0,33.8,66.0,18.0,676.0,33.3,69,14.1,6420.0
221,2020-10-17T00:00:00,1235,38.1,67,18.1,233.0,26.6,66,13,380,45,63,22.8,193.0,35.8,67.0,18.1,662.0,34.9,69,14.3,6457.0
222,2020-10-18T00:00:00,1247,39.8,66,18.1,227.0,28.6,66,12.9,375,46.7,60,22.9,212.0,38.7,68.0,16.4,660.0,36.2,69,14.4,6525.0
