_id,first_week_day,last_week_day,age_group,gender,weekly_tests_num,weekly_newly_tested,weekly_cases,weekly_deceased
1,2020-09-27,2020-10-03,0-19,זכר,38556.0,36828.0,6476.0,0.0
2,2020-09-27,2020-10-03,0-19,לא ידוע,205.0,195.0,31.0,0.0
3,2020-09-27,2020-10-03,0-19,נקבה,34558.0,33060.0,4993.0,0.0
4,2020-09-27,2020-10-03,20-24,זכר,12440.0,11757.0,2418.0,0.0
5,2020-09-27,2020-10-03,20-24,לא ידוע,<15,<15,<15,0.0
6,2020-09-27,2020-10-03,20-24,נקבה,12242.0,11727.0,1829.0,0.0
7,2020-09-27,2020-10-03,25-29,לא ידוע,<15,<15,<15,0.0
8,2020-09-27,2020-10-03,25-29,נקבה,12715.0,12083.0,1530.0,0.0
9,2020-09-27,2020-10-03,25-29,זכר,10830.0,10303.0,1758.0,0.0
10,2020-09-27,2020-10-03,30-34,זכר,10072.0,9651.0,1509.0,0.0
11,2020-09-27,2020-10-03,30-34,נקבה,11992.0,11444.0,1243.0,0.0
12,2020-09-27,2020-10-03,30-34,לא ידוע,<15,<15,<15,0.0
13,2020-09-27,2020-10-03,35-39,נקבה,11001.0,10479.0,1158.0,0.0
14,2020-09-27,2020-10-03,35-39,לא ידוע,<15,<15,<15,0.0
15,2020-09-27,2020-10-03,35-39,זכר,8872.0,8485.0,1385.0,<15
16,2020-09-27,2020-10-03,40-44,זכר,8034.0,7663.0,1219.0,0.0
17,2020-09-27,2020-10-03,40-44,לא ידוע,<15,<15,<15,0.0
18,2020-09-27,2020-10-03,40-44,נקבה,10947.0,10405.0,1100.0,0.0
19,2020-09-27,2020-10-03,45-49,זכר,7682.0,7297.0,1206.0,<15
20,2020-09-27,2020-10-03,45-49,לא ידוע,<15,<15,0.0,0.0
21,2020-09-27,2020-10-03,45-49,נקבה,10848.0,10281.0,1127.0,0.0
22,2020-09-27,2020-10-03,50-54,לא ידוע,<15,<15,<15,0.0
23,2020-09-27,2020-10-03,50-54,זכר,6675.0,6320.0,986.0,<15
24,2020-09-27,2020-10-03,50-54,נקבה,10062.0,9513.0,935.0,<15
25,2020-09-27,2020-10-03,55-59,נקבה,8865.0,8424.0,804.0,<15
26,2020-09-27,2020-10-03,55-59,לא ידוע,<15,<15,0.0,0.0
27,2020-09-27,2020-10-03,55-59,זכר,5984.0,5657.0,884.0,0.0
28,2020-09-27,2020-10-03,60-64,לא ידוע,<15,<15,0.0,0.0
29,2020-09-27,2020-10-03,60-64,נקבה,8007.0,7559.0,682.0,<15
30,2020-09-27,2020-10-03,60-64,זכר,5597.0,5276.0,869.0,<15
31,2020-09-27,2020-10-03,65-69,זכר,4711.0,4380.0,742.0,<15
32,2020-09-27,2020-10-03,65-69,נקבה,5728.0,5368.0,543.0,<15
33,2020-09-27,2020-10-03,65-69,לא ידוע,<15,<15,0.0,0.0
34,2020-09-27,2020-10-03,70-74,לא ידוע,0.0,0.0,0.0,0.0
35,2020-09-27,2020-10-03,70-74,זכר,3842.0,3550.0,561.0,<15
36,2020-09-27,2020-10-03,70-74,נקבה,4764.0,4460.0,418.0,<15
37,2020-09-27,2020-10-03,75-79,לא ידוע,<15,<15,<15,0.0
38,2020-09-27,2020-10-03,75-79,זכר,2298.0,2075.0,316.0,<15
39,2020-09-27,2020-10-03,75-79,נקבה,3114.0,2861.0,297.0,<15
40,2020-09-27,2020-10-03,80+,נקבה,11590.0,10394.0,676.0,32.0
41,2020-09-27,2020-10-03,80+,לא ידוע,<15,<15,0.0,0.0
42,2020-09-27,2020-10-03,80+,זכר,5415.0,4822.0,515.0,42.0
43,2020-09-27,2020-10-03,NULL,נקבה,1474.0,1401.0,109.0,0.0
44,2020-09-27,2020-10-03,NULL,לא ידוע,714.0,645.0,70.0,0.0
45,2020-09-27,2020-10-03,NULL,זכר,1615.0,1515.0,123.0,0.0
46,2020-10-04,2020-10-10,0-19,זכר,31171.0,24475.0,4216.0,0.0
47,2020-10-04,2020-10-10,0-19,לא ידוע,211.0,185.0,45.0,0.0
48,2020-10-04,2020-10-10,0-19,נקבה,29564.0,23489.0,3976.0,0.0
49,2020-10-04,2020-10-10,20-24,זכר,10947.0,8554.0,1468.0,0.0
50,2020-10-04,2020-10-10,20-24,לא ידוע,<15,<15,0.0,0.0
51,2020-10-04,2020-10-10,20-24,נקבה,11580.0,9045.0,1310.0,<15
52,2020-10-04,2020-10-10,25-29,לא ידוע,<15,<15,0.0,0.0
53,2020-10-04,2020-10-10,25-29,נקבה,11869.0,8772.0,1013.0,0.0
54,2020-10-04,2020-10-10,25-29,זכר,10142.0,7806.0,1147.0,0.0
55,2020-10-04,2020-10-10,30-34,זכר,9072.0,6909.0,949.0,0.0
56,2020-10-04,2020-10-10,30-34,נקבה,11375.0,8160.0,871.0,<15
57,2020-10-04,2020-10-10,30-34,לא ידוע,15.0,<15,0.0,0.0
58,2020-10-04,2020-10-10,35-39,נקבה,10473.0,7148.0,800.0,0.0
59,2020-10-04,2020-10-10,35-39,לא ידוע,17.0,<15,0.0,0.0
60,2020-10-04,2020-10-10,35-39,זכר,8081.0,6080.0,869.0,<15
61,2020-10-04,2020-10-10,40-44,זכר,7391.0,5553.0,809.0,0.0
62,2020-10-04,2020-10-10,40-44,לא ידוע,17.0,<15,<15,0.0
63,2020-10-04,2020-10-10,40-44,נקבה,10425.0,6893.0,814.0,0.0
64,2020-10-04,2020-10-10,45-49,זכר,7053.0,5213.0,743.0,0.0
65,2020-10-04,2020-10-10,45-49,לא ידוע,<15,<15,0.0,0.0
66,2020-10-04,2020-10-10,45-49,נקבה,10592.0,6531.0,773.0,0.0
67,2020-10-04,2020-10-10,50-54,לא ידוע,<15,<15,0.0,0.0
68,2020-10-04,2020-10-10,50-54,זכר,6213.0,4520.0,634.0,<15
69,2020-10-04,2020-10-10,50-54,נקבה,10035.0,5964.0,635.0,0.0
70,2020-10-04,2020-10-10,55-59,נקבה,9020.0,5364.0,609.0,<15
71,2020-10-04,2020-10-10,55-59,לא ידוע,<15,<15,0.0,0.0
72,2020-10-04,2020-10-10,55-59,זכר,5793.0,4127.0,632.0,<15
73,2020-10-04,2020-10-10,60-64,לא ידוע,<15,<15,<15,0.0
74,2020-10-04,2020-10-10,60-64,נקבה,8396.0,4921.0,498.0,<15
75,2020-10-04,2020-10-10,60-64,זכר,5630.0,3928.0,610.0,<15
76,2020-10-04,2020-10-10,65-69,זכר,5074.0,3480.0,522.0,<15
77,2020-10-04,2020-10-10,65-69,נקבה,6311.0,3967.0,422.0,<15
78,2020-10-04,2020-10-10,65-69,לא ידוע,0.0,0.0,0.0,0.0
79,2020-10-04,2020-10-10,70-74,לא ידוע,0.0,0.0,0.0,0.0
80,2020-10-04,2020-10-10,70-74,זכר,4066.0,2668.0,404.0,19.0
81,2020-10-04,2020-10-10,70-74,נקבה,5473.0,3436.0,358.0,<15
82,2020-10-04,2020-10-10,75-79,לא ידוע,<15,<15,0.0,0.0
83,2020-10-04,2020-10-10,75-79,זכר,2653.0,1721.0,246.0,15.0
84,2020-10-04,2020-10-10,75-79,נקבה,3463.0,2143.0,227.0,<15
85,2020-10-04,2020-10-10,80+,נקבה,13457.0,6992.0,535.0,65.0
86,2020-10-04,2020-10-10,80+,לא ידוע,<15,<15,0.0,0.0
87,2020-10-04,2020-10-10,80+,זכר,6234.0,3463.0,407.0,66.0
88,2020-10-04,2020-10-10,NULL,נקבה,1422.0,1189.0,84.0,0.0
89,2020-10-04,2020-10-10,NULL,לא ידוע,693.0,398.0,43.0,0.0
90,2020-10-04,2020-10-10,NULL,זכר,1612.0,1347.0,122.0,0.0
91,2020-10-11,2020-10-17,0-19,זכר,23720.0,16650.0,2073.0,0.0
92,2020-10-11,2020-10-17,0-19,לא ידוע,127.0,94.0,19.0,0.0
93,2020-10-11,2020-10-17,0-19,נקבה,21772.0,15131.0,2050.0,0.0
94,2020-10-11,2020-10-17,20-24,זכר,8682.0,6151.0,729.0,0.0
95,2020-10-11,2020-10-17,20-24,לא ידוע,<15,<15,<15,0.0
96,2020-10-11,2020-10-17,20-24,נקבה,9809.0,6725.0,690.0,0.0
97,2020-10-11,2020-10-17,25-29,לא ידוע,<15,<15,0.0,0.0
98,2020-10-11,2020-10-17,25-29,נקבה,10636.0,6735.0,556.0,0.0
99,2020-10-11,2020-10-17,25-29,זכר,8229.0,5384.0,522.0,0.0
100,2020-10-11,2020-10-17,30-34,זכר,7625.0,5034.0,434.0,0.0
101,2020-10-11,2020-10-17,30-34,נקבה,10827.0,6621.0,453.0,0.0
102,2020-10-11,2020-10-17,30-34,לא ידוע,21.0,<15,<15,0.0
103,2020-10-11,2020-10-17,35-39,נקבה,10319.0,6043.0,406.0,0.0
104,2020-10-11,2020-10-17,35-39,לא ידוע,19.0,<15,0.0,0.0
105,2020-10-11,2020-10-17,35-39,זכר,6905.0,4546.0,381.0,0.0
106,2020-10-11,2020-10-17,40-44,זכר,6381.0,4147.0,355.0,0.0
107,2020-10-11,2020-10-17,40-44,לא ידוע,17.0,<15,<15,0.0
108,2020-10-11,2020-10-17,40-44,נקבה,10457.0,5788.0,391.0,0.0
109,2020-10-11,2020-10-17,45-49,זכר,6273.0,3945.0,326.0,<15
110,2020-10-11,2020-10-17,45-49,לא ידוע,17.0,<15,<15,0.0
111,2020-10-11,2020-10-17,45-49,נקבה,10841.0,5656.0,363.0,0.0
112,2020-10-11,2020-10-17,50-54,לא ידוע,<15,<15,0.0,0.0
113,2020-10-11,2020-10-17,50-54,זכר,5685.0,3570.0,300.0,<15
114,2020-10-11,2020-10-17,50-54,נקבה,10283.0,5055.0,360.0,<15
115,2020-10-11,2020-10-17,55-59,נקבה,9630.0,4749.0,281.0,<15
116,2020-10-11,2020-10-17,55-59,לא ידוע,<15,<15,<15,0.0
117,2020-10-11,2020-10-17,55-59,זכר,5172.0,3038.0,270.0,<15
118,2020-10-11,2020-10-17,60-64,לא ידוע,<15,<15,0.0,0.0
119,2020-10-11,2020-10-17,60-64,נקבה,8775.0,3948.0,242.0,<15
120,2020-10-11,2020-10-17,60-64,זכר,5179.0,3065.0,254.0,<15
121,2020-10-11,2020-10-17,65-69,זכר,4689.0,2668.0,212.0,18.0
122,2020-10-11,2020-10-17,65-69,נקבה,6377.0,3138.0,175.0,<15
123,2020-10-11,2020-10-17,65-69,לא ידוע,<15,<15,<15,0.0
124,2020-10-11,2020-10-17,70-74,לא ידוע,<15,<15,<15,0.0
125,2020-10-11,2020-10-17,70-74,זכר,4103.0,2320.0,175.0,27.0
126,2020-10-11,2020-10-17,70-74,נקבה,5185.0,2601.0,129.0,<15
127,2020-10-11,2020-10-17,75-79,לא ידוע,<15,<15,0.0,0.0
128,2020-10-11,2020-10-17,75-79,זכר,2503.0,1321.0,116.0,21.0
129,2020-10-11,2020-10-17,75-79,נקבה,3253.0,1662.0,105.0,<15
130,2020-10-11,2020-10-17,80+,נקבה,11752.0,4595.0,280.0,49.0
131,2020-10-11,2020-10-17,80+,לא ידוע,<15,<15,0.0,0.0
132,2020-10-11,2020-10-17,80+,זכר,5384.0,2335.0,169.0,72.0
133,2020-10-11,2020-10-17,NULL,נקבה,1479.0,1194.0,77.0,0.0
134,2020-10-11,2020-10-17,NULL,לא ידוע,619.0,348.0,29.0,0.0
135,2020-10-11,2020-10-17,NULL,זכר,1573.0,1256.0,64.0,<15
136,2020-10-18,2020-10-24,0-19,זכר,28810.0,21759.0,1134.0,0.0
137,2020-10-18,2020-10-24,0-19,לא ידוע,54.0,42.0,<15,0.0
138,2020-10-18,2020-10-24,0-19,נקבה,16188.0,11578.0,1011.0,0.0
139,2020-10-18,2020-10-24,20-24,זכר,10585.0,7448.0,378.0,0.0
140,2020-10-18,2020-10-24,20-24,לא ידוע,<15,<15,<15,0.0
141,2020-10-18,2020-10-24,20-24,נקבה,8436.0,5741.0,348.0,0.0
142,2020-10-18,2020-10-24,25-29,לא ידוע,<15,<15,<15,0.0
143,2020-10-18,2020-10-24,25-29,נקבה,9895.0,6245.0,280.0,0.0
144,2020-10-18,2020-10-24,25-29,זכר,7209.0,4568.0,252.0,0.0
145,2020-10-18,2020-10-24,30-34,זכר,7040.0,4570.0,248.0,0.0
146,2020-10-18,2020-10-24,30-34,נקבה,10165.0,6198.0,259.0,0.0
147,2020-10-18,2020-10-24,30-34,לא ידוע,17.0,<15,0.0,0.0
148,2020-10-18,2020-10-24,35-39,נקבה,9904.0,5791.0,226.0,<15
149,2020-10-18,2020-10-24,35-39,לא ידוע,21.0,<15,<15,0.0
150,2020-10-18,2020-10-24,35-39,זכר,6459.0,4166.0,222.0,0.0
151,2020-10-18,2020-10-24,40-44,זכר,5820.0,3666.0,201.0,0.0
152,2020-10-18,2020-10-24,40-44,לא ידוע,19.0,<15,<15,0.0
153,2020-10-18,2020-10-24,40-44,נקבה,9936.0,5467.0,211.0,<15
154,2020-10-18,2020-10-24,45-49,זכר,5682.0,3513.0,203.0,<15
155,2020-10-18,2020-10-24,45-49,לא ידוע,<15,<15,0.0,0.0
156,2020-10-18,2020-10-24,45-49,נקבה,10458.0,5514.0,206.0,0.0
157,2020-10-18,2020-10-24,50-54,לא ידוע,<15,<15,0.0,0.0
158,2020-10-18,2020-10-24,50-54,זכר,4986.0,2976.0,159.0,<15
159,2020-10-18,2020-10-24,50-54,נקבה,9759.0,4891.0,186.0,<15
160,2020-10-18,2020-10-24,55-59,נקבה,9107.0,4280.0,145.0,<15
161,2020-10-18,2020-10-24,55-59,לא ידוע,19.0,<15,0.0,0.0
162,2020-10-18,2020-10-24,55-59,זכר,4596.0,2606.0,148.0,<15
163,2020-10-18,2020-10-24,60-64,לא ידוע,<15,<15,0.0,0.0
164,2020-10-18,2020-10-24,60-64,נקבה,8338.0,3745.0,134.0,<15
165,2020-10-18,2020-10-24,60-64,זכר,4580.0,2598.0,130.0,<15
166,2020-10-18,2020-10-24,65-69,זכר,4165.0,2351.0,114.0,<15
167,2020-10-18,2020-10-24,65-69,נקבה,6023.0,2919.0,101.0,<15
168,2020-10-18,2020-10-24,65-69,לא ידוע,<15,<15,0.0,0.0
169,2020-10-18,2020-10-24,70-74,לא ידוע,<15,<15,0.0,0.0
170,2020-10-18,2020-10-24,70-74,זכר,3556.0,2060.0,78.0,19.0
171,2020-10-18,2020-10-24,70-74,נקבה,4635.0,2285.0,81.0,<15
172,2020-10-18,2020-10-24,75-79,לא ידוע,<15,<15,0.0,0.0
173,2020-10-18,2020-10-24,75-79,זכר,2121.0,1188.0,46.0,<15
174,2020-10-18,2020-10-24,75-79,נקבה,2737.0,1354.0,52.0,<15
175,2020-10-18,2020-10-24,80+,נקבה,8378.0,2960.0,149.0,46.0
176,2020-10-18,2020-10-24,80+,לא ידוע,<15,<15,0.0,0.0
177,2020-10-18,2020-10-24,80+,זכר,4090.0,1768.0,94.0,64.0
178,2020-10-18,2020-10-24,NULL,נקבה,1528.0,1217.0,41.0,<15
179,2020-10-18,2020-10-24,NULL,לא ידוע,668.0,360.0,<15,0.0
180,2020-10-18,2020-10-24,NULL,זכר,1806.0,1491.0,46.0,0.0
181,2020-10-25,2020-10-31,0-19,זכר,24009.0,18130.0,701.0,0.0
182,2020-10-25,2020-10-31,0-19,לא ידוע,90.0,73.0,<15,0.0
183,2020-10-25,2020-10-31,0-19,נקבה,16160.0,12174.0,574.0,0.0
184,2020-10-25,2020-10-31,20-24,זכר,9355.0,6178.0,238.0,0.0
185,2020-10-25,2020-10-31,20-24,לא ידוע,<15,<15,<15,0.0
186,2020-10-25,2020-10-31,20-24,נקבה,7588.0,4885.0,259.0,0.0
187,2020-10-25,2020-10-31,25-29,לא ידוע,<15,<15,0.0,0.0
188,2020-10-25,2020-10-31,25-29,נקבה,9763.0,5889.0,225.0,0.0
189,2020-10-25,2020-10-31,25-29,זכר,6869.0,4256.0,178.0,0.0
190,2020-10-25,2020-10-31,30-34,זכר,7164.0,4662.0,148.0,<15
191,2020-10-25,2020-10-31,30-34,נקבה,10691.0,6385.0,160.0,0.0
192,2020-10-25,2020-10-31,30-34,לא ידוע,<15,<15,0.0,0.0
193,2020-10-25,2020-10-31,35-39,נקבה,10140.0,5849.0,168.0,0.0
194,2020-10-25,2020-10-31,35-39,לא ידוע,<15,<15,0.0,0.0
195,2020-10-25,2020-10-31,35-39,זכר,6630.0,4298.0,140.0,<15
196,2020-10-25,2020-10-31,40-44,זכר,5876.0,3676.0,130.0,<15
197,2020-10-25,2020-10-31,40-44,לא ידוע,18.0,<15,0.0,0.0
198,2020-10-25,2020-10-31,40-44,נקבה,9925.0,5285.0,163.0,0.0
199,2020-10-25,2020-10-31,45-49,זכר,5543.0,3331.0,129.0,<15
200,2020-10-25,2020-10-31,45-49,לא ידוע,<15,0.0,<15,0.0
201,2020-10-25,2020-10-31,45-49,נקבה,10144.0,4872.0,156.0,0.0
202,2020-10-25,2020-10-31,50-54,לא ידוע,<15,<15,0.0,0.0
203,2020-10-25,2020-10-31,50-54,זכר,4898.0,2903.0,110.0,<15
204,2020-10-25,2020-10-31,50-54,נקבה,9262.0,4145.0,140.0,0.0
205,2020-10-25,2020-10-31,55-59,נקבה,8555.0,3602.0,119.0,<15
206,2020-10-25,2020-10-31,55-59,לא ידוע,<15,<15,0.0,0.0
207,2020-10-25,2020-10-31,55-59,זכר,4468.0,2451.0,102.0,<15
208,2020-10-25,2020-10-31,60-64,לא ידוע,<15,<15,0.0,0.0
209,2020-10-25,2020-10-31,60-64,נקבה,7904.0,3125.0,86.0,<15
210,2020-10-25,2020-10-31,60-64,זכר,4396.0,2355.0,103.0,<15
211,2020-10-25,2020-10-31,65-69,זכר,4100.0,2256.0,77.0,<15
212,2020-10-25,2020-10-31,65-69,נקבה,5462.0,2339.0,63.0,<15
213,2020-10-25,2020-10-31,65-69,לא ידוע,<15,<15,0.0,0.0
214,2020-10-25,2020-10-31,70-74,לא ידוע,<15,<15,0.0,0.0
215,2020-10-25,2020-10-31,70-74,זכר,3470.0,1846.0,58.0,<15
216,2020-10-25,2020-10-31,70-74,נקבה,4445.0,1939.0,60.0,<15
217,2020-10-25,2020-10-31,75-79,לא ידוע,<15,<15,0.0,0.0
218,2020-10-25,2020-10-31,75-79,זכר,1916.0,951.0,35.0,<15
219,2020-10-25,2020-10-31,75-79,נקבה,2444.0,1103.0,35.0,<15
220,2020-10-25,2020-10-31,80+,נקבה,8274.0,2765.0,75.0,47.0
221,2020-10-25,2020-10-31,80+,לא ידוע,<15,<15,0.0,0.0
222,2020-10-25,2020-10-31,80+,זכר,3966.0,1610.0,56.0,40.0
223,2020-10-25,2020-10-31,NULL,נקבה,1516.0,1209.0,28.0,0.0
224,2020-10-25,2020-10-31,NULL,לא ידוע,759.0,478.0,35.0,0.0
225,2020-10-25,2020-10-31,NULL,זכר,2033.0,1638.0,60.0,0.0
226,2020-11-01,2020-11-07,0-19,זכר,28357.0,16367.0,603.0,0.0
227,2020-11-01,2020-11-07,0-19,לא ידוע,74.0,44.0,<15,0.0
228,2020-11-01,2020-11-07,0-19,נקבה,17217.0,13574.0,592.0,0.0
229,2020-11-01,2020-11-07,20-24,זכר,9640.0,4433.0,207.0,0.0
230,2020-11-01,2020-11-07,20-24,לא ידוע,<15,<15,<15,0.0
231,2020-11-01,2020-11-07,20-24,נקבה,7122.0,4357.0,218.0,0.0
232,2020-11-01,2020-11-07,25-29,לא ידוע,<15,<15,<15,0.0
233,2020-11-01,2020-11-07,25-29,נקבה,9230.0,5340.0,224.0,0.0
234,2020-11-01,2020-11-07,25-29,זכר,7348.0,4417.0,181.0,0.0
235,2020-11-01,2020-11-07,30-34,זכר,7227.0,4590.0,155.0,<15
236,2020-11-01,2020-11-07,30-34,נקבה,9910.0,5524.0,210.0,<15
237,2020-11-01,2020-11-07,30-34,לא ידוע,<15,<15,0.0,0.0
238,2020-11-01,2020-11-07,35-39,נקבה,9211.0,4884.0,152.0,0.0
239,2020-11-01,2020-11-07,35-39,לא ידוע,15.0,<15,0.0,0.0
240,2020-11-01,2020-11-07,35-39,זכר,6951.0,4286.0,130.0,0.0
241,2020-11-01,2020-11-07,40-44,זכר,6126.0,3784.0,140.0,0.0
242,2020-11-01,2020-11-07,40-44,לא ידוע,15.0,<15,0.0,0.0
243,2020-11-01,2020-11-07,40-44,נקבה,8930.0,4233.0,181.0,0.0
244,2020-11-01,2020-11-07,45-49,זכר,5658.0,3407.0,142.0,0.0
245,2020-11-01,2020-11-07,45-49,לא ידוע,<15,0.0,0.0,0.0
246,2020-11-01,2020-11-07,45-49,נקבה,8841.0,3698.0,176.0,0.0
247,2020-11-01,2020-11-07,50-54,לא ידוע,<15,0.0,0.0,0.0
248,2020-11-01,2020-11-07,50-54,זכר,4828.0,2788.0,133.0,<15
249,2020-11-01,2020-11-07,50-54,נקבה,8137.0,3142.0,153.0,<15
250,2020-11-01,2020-11-07,55-59,נקבה,7665.0,2812.0,122.0,<15
251,2020-11-01,2020-11-07,55-59,לא ידוע,<15,<15,0.0,0.0
252,2020-11-01,2020-11-07,55-59,זכר,4427.0,2434.0,124.0,<15
253,2020-11-01,2020-11-07,60-64,לא ידוע,0.0,0.0,0.0,0.0
254,2020-11-01,2020-11-07,60-64,נקבה,7384.0,2502.0,85.0,<15
255,2020-11-01,2020-11-07,60-64,זכר,4353.0,2350.0,81.0,<15
256,2020-11-01,2020-11-07,65-69,זכר,4105.0,2308.0,68.0,<15
257,2020-11-01,2020-11-07,65-69,נקבה,5302.0,2114.0,82.0,<15
258,2020-11-01,2020-11-07,65-69,לא ידוע,<15,<15,0.0,0.0
259,2020-11-01,2020-11-07,70-74,לא ידוע,0.0,0.0,0.0,0.0
260,2020-11-01,2020-11-07,70-74,זכר,3561.0,1995.0,42.0,<15
261,2020-11-01,2020-11-07,70-74,נקבה,4387.0,1813.0,59.0,<15
262,2020-11-01,2020-11-07,75-79,לא ידוע,<15,<15,0.0,0.0
263,2020-11-01,2020-11-07,75-79,זכר,1901.0,1014.0,30.0,<15
264,2020-11-01,2020-11-07,75-79,נקבה,2543.0,1058.0,29.0,<15
265,2020-11-01,2020-11-07,80+,נקבה,7416.0,1982.0,81.0,34.0
266,2020-11-01,2020-11-07,80+,לא ידוע,<15,<15,0.0,0.0
267,2020-11-01,2020-11-07,80+,זכר,3673.0,1377.0,46.0,21.0
268,2020-11-01,2020-11-07,NULL,נקבה,1238.0,949.0,26.0,<15
269,2020-11-01,2020-11-07,NULL,לא ידוע,524.0,250.0,<15,0.0
270,2020-11-01,2020-11-07,NULL,זכר,1722.0,1354.0,26.0,0.0
271,2020-11-08,2020-11-14,0-19,זכר,30234.0,19417.0,660.0,0.0
272,2020-11-08,2020-11-14,0-19,לא ידוע,144.0,109.0,<15,0.0
273,2020-11-08,2020-11-14,0-19,נקבה,21872.0,16598.0,580.0,0.0
274,2020-11-08,2020-11-14,20-24,זכר,7502.0,3644.0,197.0,0.0
275,2020-11-08,2020-11-14,20-24,לא ידוע,<15,<15,0.0,0.0
276,2020-11-08,2020-11-14,20-24,נקבה,7669.0,4470.0,215.0,0.0
277,2020-11-08,2020-11-14,25-29,לא ידוע,<15,<15,0.0,0.0
278,2020-11-08,2020-11-14,25-29,נקבה,9826.0,5572.0,232.0,0.0
279,2020-11-08,2020-11-14,25-29,זכר,7104.0,4079.0,140.0,0.0
280,2020-11-08,2020-11-14,30-34,זכר,7822.0,4795.0,165.0,0.0
281,2020-11-08,2020-11-14,30-34,נקבה,11094.0,6162.0,166.0,0.0
282,2020-11-08,2020-11-14,30-34,לא ידוע,15.0,<15,<15,0.0
283,2020-11-08,2020-11-14,35-39,נקבה,10561.0,5700.0,169.0,0.0
284,2020-11-08,2020-11-14,35-39,לא ידוע,16.0,<15,0.0,0.0
285,2020-11-08,2020-11-14,35-39,זכר,7758.0,4830.0,141.0,0.0
286,2020-11-08,2020-11-14,40-44,זכר,6767.0,4184.0,169.0,0.0
287,2020-11-08,2020-11-14,40-44,לא ידוע,<15,<15,0.0,0.0
288,2020-11-08,2020-11-14,40-44,נקבה,9682.0,4631.0,180.0,0.0
289,2020-11-08,2020-11-14,45-49,זכר,6052.0,3563.0,131.0,<15
290,2020-11-08,2020-11-14,45-49,לא ידוע,<15,<15,0.0,0.0
291,2020-11-08,2020-11-14,45-49,נקבה,9222.0,3835.0,169.0,<15
292,2020-11-08,2020-11-14,50-54,לא ידוע,<15,<15,0.0,0.0
293,2020-11-08,2020-11-14,50-54,זכר,4871.0,2806.0,129.0,<15
495,2020-12-06,2020-12-12,NULL,זכר,3877.0,2862.0,80.0,0.0
294,2020-11-08,2020-11-14,50-54,נקבה,8220.0,3029.0,139.0,<15
295,2020-11-08,2020-11-14,55-59,נקבה,7693.0,2708.0,109.0,<15
296,2020-11-08,2020-11-14,55-59,לא ידוע,<15,<15,0.0,0.0
297,2020-11-08,2020-11-14,55-59,זכר,4624.0,2502.0,112.0,<15
298,2020-11-08,2020-11-14,60-64,לא ידוע,<15,<15,0.0,0.0
299,2020-11-08,2020-11-14,60-64,נקבה,7591.0,2658.0,98.0,<15
300,2020-11-08,2020-11-14,60-64,זכר,4586.0,2551.0,84.0,<15
301,2020-11-08,2020-11-14,65-69,זכר,4310.0,2521.0,83.0,<15
302,2020-11-08,2020-11-14,65-69,נקבה,5654.0,2394.0,83.0,<15
303,2020-11-08,2020-11-14,65-69,לא ידוע,<15,<15,0.0,0.0
304,2020-11-08,2020-11-14,70-74,לא ידוע,<15,<15,0.0,0.0
305,2020-11-08,2020-11-14,70-74,זכר,3744.0,2098.0,60.0,<15
306,2020-11-08,2020-11-14,70-74,נקבה,4580.0,2018.0,69.0,<15
307,2020-11-08,2020-11-14,75-79,לא ידוע,<15,0.0,0.0,0.0
308,2020-11-08,2020-11-14,75-79,זכר,2156.0,1217.0,41.0,<15
309,2020-11-08,2020-11-14,75-79,נקבה,2591.0,1210.0,40.0,<15
310,2020-11-08,2020-11-14,80+,נקבה,7043.0,2307.0,69.0,<15
311,2020-11-08,2020-11-14,80+,לא ידוע,<15,<15,0.0,0.0
312,2020-11-08,2020-11-14,80+,זכר,3779.0,1637.0,40.0,<15
313,2020-11-08,2020-11-14,NULL,נקבה,1291.0,1026.0,28.0,0.0
314,2020-11-08,2020-11-14,NULL,לא ידוע,509.0,248.0,<15,0.0
315,2020-11-08,2020-11-14,NULL,זכר,1910.0,1403.0,29.0,0.0
316,2020-11-15,2020-11-21,0-19,זכר,38351.0,21535.0,666.0,0.0
317,2020-11-15,2020-11-21,0-19,לא ידוע,198.0,140.0,<15,0.0
318,2020-11-15,2020-11-21,0-19,נקבה,26535.0,19219.0,677.0,0.0
319,2020-11-15,2020-11-21,20-24,זכר,12412.0,5126.0,189.0,0.0
320,2020-11-15,2020-11-21,20-24,לא ידוע,19.0,<15,0.0,0.0
321,2020-11-15,2020-11-21,20-24,נקבה,9838.0,5546.0,259.0,0.0
322,2020-11-15,2020-11-21,25-29,לא ידוע,20.0,17.0,0.0,0.0
323,2020-11-15,2020-11-21,25-29,נקבה,11896.0,6512.0,237.0,<15
324,2020-11-15,2020-11-21,25-29,זכר,10135.0,5700.0,182.0,0.0
325,2020-11-15,2020-11-21,30-34,זכר,10535.0,6131.0,157.0,0.0
326,2020-11-15,2020-11-21,30-34,נקבה,12924.0,6887.0,245.0,0.0
327,2020-11-15,2020-11-21,30-34,לא ידוע,44.0,34.0,0.0,0.0
328,2020-11-15,2020-11-21,35-39,נקבה,12569.0,6614.0,205.0,0.0
329,2020-11-15,2020-11-21,35-39,לא ידוע,30.0,23.0,0.0,0.0
330,2020-11-15,2020-11-21,35-39,זכר,10081.0,6010.0,179.0,0.0
331,2020-11-15,2020-11-21,40-44,זכר,9672.0,5844.0,150.0,0.0
332,2020-11-15,2020-11-21,40-44,לא ידוע,22.0,15.0,0.0,0.0
333,2020-11-15,2020-11-21,40-44,נקבה,12294.0,6002.0,199.0,0.0
334,2020-11-15,2020-11-21,45-49,זכר,9107.0,5435.0,158.0,0.0
335,2020-11-15,2020-11-21,45-49,לא ידוע,26.0,18.0,0.0,0.0
336,2020-11-15,2020-11-21,45-49,נקבה,11817.0,5187.0,203.0,<15
337,2020-11-15,2020-11-21,50-54,לא ידוע,<15,<15,0.0,0.0
338,2020-11-15,2020-11-21,50-54,זכר,7726.0,4549.0,135.0,0.0
339,2020-11-15,2020-11-21,50-54,נקבה,10748.0,4298.0,162.0,0.0
340,2020-11-15,2020-11-21,55-59,נקבה,9942.0,3816.0,127.0,<15
341,2020-11-15,2020-11-21,55-59,לא ידוע,17.0,<15,0.0,0.0
342,2020-11-15,2020-11-21,55-59,זכר,6836.0,3784.0,121.0,<15
343,2020-11-15,2020-11-21,60-64,לא ידוע,<15,<15,0.0,0.0
344,2020-11-15,2020-11-21,60-64,נקבה,9589.0,3559.0,108.0,0.0
345,2020-11-15,2020-11-21,60-64,זכר,6442.0,3537.0,112.0,<15
346,2020-11-15,2020-11-21,65-69,זכר,5701.0,3210.0,84.0,<15
347,2020-11-15,2020-11-21,65-69,נקבה,6893.0,2886.0,78.0,<15
348,2020-11-15,2020-11-21,65-69,לא ידוע,<15,<15,<15,0.0
349,2020-11-15,2020-11-21,70-74,לא ידוע,<15,<15,0.0,0.0
350,2020-11-15,2020-11-21,70-74,זכר,4377.0,2380.0,59.0,<15
351,2020-11-15,2020-11-21,70-74,נקבה,5235.0,2239.0,66.0,<15
352,2020-11-15,2020-11-21,75-79,לא ידוע,<15,<15,0.0,0.0
353,2020-11-15,2020-11-21,75-79,זכר,2293.0,1150.0,37.0,<15
354,2020-11-15,2020-11-21,75-79,נקבה,2651.0,1123.0,41.0,<15
355,2020-11-15,2020-11-21,80+,נקבה,7286.0,1696.0,75.0,20.0
356,2020-11-15,2020-11-21,80+,לא ידוע,<15,<15,0.0,0.0
357,2020-11-15,2020-11-21,80+,זכר,3696.0,1265.0,43.0,<15
358,2020-11-15,2020-11-21,NULL,נקבה,1745.0,1351.0,28.0,0.0
359,2020-11-15,2020-11-21,NULL,לא ידוע,746.0,390.0,<15,0.0
360,2020-11-15,2020-11-21,NULL,זכר,2256.0,1649.0,36.0,0.0
361,2020-11-22,2020-11-28,0-19,זכר,40509.0,24389.0,838.0,0.0
362,2020-11-22,2020-11-28,0-19,לא ידוע,210.0,160.0,<15,0.0
363,2020-11-22,2020-11-28,0-19,נקבה,32969.0,23254.0,868.0,0.0
364,2020-11-22,2020-11-28,20-24,זכר,12452.0,6034.0,271.0,0.0
365,2020-11-22,2020-11-28,20-24,לא ידוע,<15,<15,<15,0.0
366,2020-11-22,2020-11-28,20-24,נקבה,11366.0,6401.0,328.0,0.0
367,2020-11-22,2020-11-28,25-29,לא ידוע,30.0,22.0,0.0,0.0
368,2020-11-22,2020-11-28,25-29,נקבה,13242.0,7005.0,297.0,0.0
369,2020-11-22,2020-11-28,25-29,זכר,11551.0,6370.0,220.0,0.0
370,2020-11-22,2020-11-28,30-34,זכר,12308.0,7087.0,227.0,0.0
371,2020-11-22,2020-11-28,30-34,נקבה,14173.0,7404.0,300.0,0.0
372,2020-11-22,2020-11-28,30-34,לא ידוע,46.0,31.0,0.0,0.0
373,2020-11-22,2020-11-28,35-39,נקבה,14029.0,7048.0,259.0,<15
374,2020-11-22,2020-11-28,35-39,לא ידוע,49.0,34.0,0.0,0.0
375,2020-11-22,2020-11-28,35-39,זכר,12000.0,7045.0,220.0,0.0
376,2020-11-22,2020-11-28,40-44,זכר,11471.0,6675.0,201.0,0.0
377,2020-11-22,2020-11-28,40-44,לא ידוע,39.0,28.0,0.0,0.0
378,2020-11-22,2020-11-28,40-44,נקבה,13704.0,6544.0,232.0,0.0
379,2020-11-22,2020-11-28,45-49,זכר,10770.0,6287.0,182.0,0.0
380,2020-11-22,2020-11-28,45-49,לא ידוע,39.0,28.0,0.0,0.0
381,2020-11-22,2020-11-28,45-49,נקבה,13499.0,6172.0,248.0,<15
382,2020-11-22,2020-11-28,50-54,לא ידוע,30.0,22.0,0.0,0.0
383,2020-11-22,2020-11-28,50-54,זכר,9368.0,5460.0,173.0,<15
384,2020-11-22,2020-11-28,50-54,נקבה,12118.0,5048.0,200.0,0.0
385,2020-11-22,2020-11-28,55-59,נקבה,10759.0,4155.0,173.0,<15
386,2020-11-22,2020-11-28,55-59,לא ידוע,<15,<15,0.0,0.0
387,2020-11-22,2020-11-28,55-59,זכר,8119.0,4561.0,141.0,<15
388,2020-11-22,2020-11-28,60-64,לא ידוע,<15,<15,0.0,0.0
389,2020-11-22,2020-11-28,60-64,נקבה,10160.0,3738.0,131.0,0.0
390,2020-11-22,2020-11-28,60-64,זכר,7508.0,4162.0,111.0,<15
391,2020-11-22,2020-11-28,65-69,זכר,6382.0,3642.0,90.0,<15
392,2020-11-22,2020-11-28,65-69,נקבה,7500.0,3222.0,115.0,<15
393,2020-11-22,2020-11-28,65-69,לא ידוע,<15,0.0,0.0,0.0
394,2020-11-22,2020-11-28,70-74,לא ידוע,<15,<15,0.0,0.0
395,2020-11-22,2020-11-28,70-74,זכר,4912.0,2746.0,83.0,<15
396,2020-11-22,2020-11-28,70-74,נקבה,5571.0,2385.0,75.0,<15
397,2020-11-22,2020-11-28,75-79,לא ידוע,<15,<15,0.0,0.0
398,2020-11-22,2020-11-28,75-79,זכר,2531.0,1325.0,53.0,<15
399,2020-11-22,2020-11-28,75-79,נקבה,2886.0,1278.0,34.0,<15
400,2020-11-22,2020-11-28,80+,נקבה,7273.0,2021.0,82.0,<15
401,2020-11-22,2020-11-28,80+,לא ידוע,<15,<15,0.0,0.0
402,2020-11-22,2020-11-28,80+,זכר,3875.0,1520.0,43.0,<15
403,2020-11-22,2020-11-28,NULL,נקבה,2249.0,1868.0,31.0,0.0
404,2020-11-22,2020-11-28,NULL,לא ידוע,1696.0,364.0,27.0,0.0
405,2020-11-22,2020-11-28,NULL,זכר,3203.0,2571.0,45.0,0.0
406,2020-11-29,2020-12-05,0-19,זכר,52836.0,32059.0,1250.0,0.0
407,2020-11-29,2020-12-05,0-19,לא ידוע,227.0,163.0,<15,0.0
408,2020-11-29,2020-12-05,0-19,נקבה,45859.0,31511.0,1187.0,0.0
409,2020-11-29,2020-12-05,20-24,זכר,13384.0,6339.0,362.0,0.0
410,2020-11-29,2020-12-05,20-24,לא ידוע,41.0,35.0,0.0,0.0
411,2020-11-29,2020-12-05,20-24,נקבה,13391.0,7304.0,474.0,0.0
412,2020-11-29,2020-12-05,25-29,לא ידוע,43.0,29.0,<15,0.0
413,2020-11-29,2020-12-05,25-29,נקבה,15181.0,7694.0,442.0,0.0
414,2020-11-29,2020-12-05,25-29,זכר,12945.0,6602.0,316.0,0.0
415,2020-11-29,2020-12-05,30-34,זכר,13846.0,7151.0,308.0,0.0
416,2020-11-29,2020-12-05,30-34,נקבה,16335.0,7998.0,373.0,0.0
417,2020-11-29,2020-12-05,30-34,לא ידוע,48.0,29.0,<15,0.0
418,2020-11-29,2020-12-05,35-39,נקבה,15886.0,7628.0,365.0,0.0
419,2020-11-29,2020-12-05,35-39,לא ידוע,47.0,33.0,0.0,0.0
420,2020-11-29,2020-12-05,35-39,זכר,13266.0,6990.0,288.0,<15
421,2020-11-29,2020-12-05,40-44,זכר,13030.0,6894.0,272.0,<15
422,2020-11-29,2020-12-05,40-44,לא ידוע,46.0,22.0,<15,0.0
423,2020-11-29,2020-12-05,40-44,נקבה,15926.0,7397.0,354.0,0.0
424,2020-11-29,2020-12-05,45-49,זכר,12264.0,6545.0,291.0,0.0
425,2020-11-29,2020-12-05,45-49,לא ידוע,47.0,26.0,0.0,0.0
426,2020-11-29,2020-12-05,45-49,נקבה,15524.0,6730.0,297.0,0.0
427,2020-11-29,2020-12-05,50-54,לא ידוע,28.0,15.0,0.0,0.0
428,2020-11-29,2020-12-05,50-54,זכר,10367.0,5280.0,224.0,<15
429,2020-11-29,2020-12-05,50-54,נקבה,13548.0,5365.0,301.0,<15
430,2020-11-29,2020-12-05,55-59,נקבה,12066.0,4574.0,247.0,<15
431,2020-11-29,2020-12-05,55-59,לא ידוע,19.0,<15,0.0,0.0
432,2020-11-29,2020-12-05,55-59,זכר,9104.0,4579.0,202.0,<15
433,2020-11-29,2020-12-05,60-64,לא ידוע,<15,<15,0.0,0.0
434,2020-11-29,2020-12-05,60-64,נקבה,11420.0,4201.0,189.0,<15
435,2020-11-29,2020-12-05,60-64,זכר,8304.0,4017.0,191.0,<15
436,2020-11-29,2020-12-05,65-69,זכר,7099.0,3642.0,155.0,<15
437,2020-11-29,2020-12-05,65-69,נקבה,8420.0,3523.0,162.0,<15
438,2020-11-29,2020-12-05,65-69,לא ידוע,<15,<15,0.0,0.0
439,2020-11-29,2020-12-05,70-74,לא ידוע,<15,<15,0.0,0.0
440,2020-11-29,2020-12-05,70-74,זכר,5535.0,2847.0,127.0,<15
441,2020-11-29,2020-12-05,70-74,נקבה,6215.0,2600.0,120.0,<15
442,2020-11-29,2020-12-05,75-79,לא ידוע,<15,<15,0.0,0.0
443,2020-11-29,2020-12-05,75-79,זכר,2955.0,1461.0,73.0,<15
444,2020-11-29,2020-12-05,75-79,נקבה,3475.0,1364.0,80.0,<15
445,2020-11-29,2020-12-05,80+,נקבה,9765.0,2289.0,135.0,<15
446,2020-11-29,2020-12-05,80+,לא ידוע,20.0,<15,0.0,0.0
447,2020-11-29,2020-12-05,80+,זכר,4955.0,1710.0,98.0,<15
448,2020-11-29,2020-12-05,NULL,נקבה,2278.0,1801.0,31.0,0.0
449,2020-11-29,2020-12-05,NULL,לא ידוע,1227.0,446.0,<15,0.0
450,2020-11-29,2020-12-05,NULL,זכר,3446.0,2614.0,52.0,0.0
451,2020-12-06,2020-12-12,0-19,זכר,67573.0,39945.0,1609.0,0.0
452,2020-12-06,2020-12-12,0-19,לא ידוע,293.0,224.0,<15,0.0
453,2020-12-06,2020-12-12,0-19,נקבה,60067.0,38817.0,1674.0,0.0
454,2020-12-06,2020-12-12,20-24,זכר,15211.0,7064.0,511.0,0.0
455,2020-12-06,2020-12-12,20-24,לא ידוע,36.0,33.0,0.0,0.0
456,2020-12-06,2020-12-12,20-24,נקבה,15435.0,8139.0,576.0,0.0
457,2020-12-06,2020-12-12,25-29,לא ידוע,34.0,25.0,<15,0.0
458,2020-12-06,2020-12-12,25-29,נקבה,17662.0,8689.0,593.0,0.0
459,2020-12-06,2020-12-12,25-29,זכר,14557.0,7484.0,437.0,<15
460,2020-12-06,2020-12-12,30-34,זכר,15708.0,7871.0,459.0,0.0
461,2020-12-06,2020-12-12,30-34,נקבה,18913.0,9113.0,519.0,<15
462,2020-12-06,2020-12-12,30-34,לא ידוע,54.0,32.0,0.0,0.0
463,2020-12-06,2020-12-12,35-39,נקבה,18849.0,8980.0,449.0,0.0
464,2020-12-06,2020-12-12,35-39,לא ידוע,61.0,33.0,0.0,0.0
465,2020-12-06,2020-12-12,35-39,זכר,15592.0,7930.0,391.0,0.0
466,2020-12-06,2020-12-12,40-44,זכר,15253.0,7818.0,405.0,0.0
467,2020-12-06,2020-12-12,40-44,לא ידוע,61.0,39.0,<15,0.0
468,2020-12-06,2020-12-12,40-44,נקבה,18798.0,8753.0,478.0,0.0
469,2020-12-06,2020-12-12,45-49,זכר,14297.0,7330.0,347.0,0.0
470,2020-12-06,2020-12-12,45-49,לא ידוע,38.0,18.0,<15,0.0
471,2020-12-06,2020-12-12,45-49,נקבה,17970.0,7966.0,449.0,<15
472,2020-12-06,2020-12-12,50-54,לא ידוע,30.0,20.0,<15,0.0
473,2020-12-06,2020-12-12,50-54,זכר,12173.0,6102.0,349.0,<15
474,2020-12-06,2020-12-12,50-54,נקבה,15039.0,6045.0,351.0,<15
475,2020-12-06,2020-12-12,55-59,נקבה,12884.0,4916.0,297.0,<15
476,2020-12-06,2020-12-12,55-59,לא ידוע,22.0,18.0,0.0,0.0
477,2020-12-06,2020-12-12,55-59,זכר,9959.0,4885.0,272.0,<15
478,2020-12-06,2020-12-12,60-64,לא ידוע,18.0,15.0,0.0,0.0
479,2020-12-06,2020-12-12,60-64,נקבה,11626.0,4295.0,244.0,<15
480,2020-12-06,2020-12-12,60-64,זכר,9214.0,4452.0,259.0,<15
481,2020-12-06,2020-12-12,65-69,זכר,7753.0,3696.0,218.0,<15
482,2020-12-06,2020-12-12,65-69,נקבה,8367.0,3452.0,170.0,<15
483,2020-12-06,2020-12-12,65-69,לא ידוע,<15,<15,0.0,0.0
484,2020-12-06,2020-12-12,70-74,לא ידוע,<15,<15,0.0,0.0
485,2020-12-06,2020-12-12,70-74,זכר,5663.0,2664.0,138.0,<15
486,2020-12-06,2020-12-12,70-74,נקבה,6298.0,2549.0,126.0,<15
487,2020-12-06,2020-12-12,75-79,לא ידוע,<15,<15,0.0,0.0
488,2020-12-06,2020-12-12,75-79,זכר,3078.0,1373.0,93.0,<15
489,2020-12-06,2020-12-12,75-79,נקבה,3455.0,1324.0,82.0,<15
490,2020-12-06,2020-12-12,80+,נקבה,10969.0,2265.0,199.0,28.0
491,2020-12-06,2020-12-12,80+,לא ידוע,26.0,26.0,0.0,0.0
492,2020-12-06,2020-12-12,80+,זכר,5443.0,1716.0,113.0,<15
493,2020-12-06,2020-12-12,NULL,נקבה,2665.0,2066.0,40.0,0.0
494,2020-12-06,2020-12-12,NULL,לא ידוע,1411.0,537.0,<15,0.0
496,2020-12-13,2020-12-19,0-19,זכר,72332.0,40424.0,2461.0,0.0
497,2020-12-13,2020-12-19,0-19,לא ידוע,357.0,236.0,<15,0.0
498,2020-12-13,2020-12-19,0-19,נקבה,67197.0,40153.0,2582.0,0.0
499,2020-12-13,2020-12-19,20-24,זכר,17500.0,8174.0,672.0,0.0
500,2020-12-13,2020-12-19,20-24,לא ידוע,18.0,<15,0.0,0.0
501,2020-12-13,2020-12-19,20-24,נקבה,18334.0,9125.0,857.0,0.0
502,2020-12-13,2020-12-19,25-29,לא ידוע,17.0,<15,<15,0.0
503,2020-12-13,2020-12-19,25-29,נקבה,20236.0,9359.0,812.0,<15
504,2020-12-13,2020-12-19,25-29,זכר,17288.0,8405.0,675.0,0.0
505,2020-12-13,2020-12-19,30-34,זכר,18475.0,8799.0,584.0,0.0
506,2020-12-13,2020-12-19,30-34,נקבה,21414.0,9523.0,706.0,0.0
507,2020-12-13,2020-12-19,30-34,לא ידוע,46.0,25.0,<15,0.0
508,2020-12-13,2020-12-19,35-39,נקבה,21231.0,9248.0,656.0,0.0
509,2020-12-13,2020-12-19,35-39,לא ידוע,54.0,26.0,0.0,0.0
510,2020-12-13,2020-12-19,35-39,זכר,18198.0,8398.0,521.0,0.0
511,2020-12-13,2020-12-19,40-44,זכר,17763.0,8327.0,535.0,<15
512,2020-12-13,2020-12-19,40-44,לא ידוע,37.0,18.0,<15,0.0
513,2020-12-13,2020-12-19,40-44,נקבה,20931.0,8858.0,645.0,0.0
514,2020-12-13,2020-12-19,45-49,זכר,16556.0,7849.0,545.0,0.0
515,2020-12-13,2020-12-19,45-49,לא ידוע,32.0,16.0,<15,0.0
516,2020-12-13,2020-12-19,45-49,נקבה,19418.0,7948.0,673.0,<15
517,2020-12-13,2020-12-19,50-54,לא ידוע,19.0,<15,<15,0.0
518,2020-12-13,2020-12-19,50-54,זכר,13638.0,6197.0,469.0,<15
519,2020-12-13,2020-12-19,50-54,נקבה,16577.0,6262.0,493.0,0.0
520,2020-12-13,2020-12-19,55-59,נקבה,14493.0,5274.0,443.0,0.0
521,2020-12-13,2020-12-19,55-59,לא ידוע,<15,<15,0.0,0.0
522,2020-12-13,2020-12-19,55-59,זכר,11404.0,5126.0,396.0,<15
523,2020-12-13,2020-12-19,60-64,לא ידוע,20.0,15.0,0.0,0.0
524,2020-12-13,2020-12-19,60-64,נקבה,13017.0,4681.0,337.0,<15
525,2020-12-13,2020-12-19,60-64,זכר,10368.0,4626.0,327.0,<15
526,2020-12-13,2020-12-19,65-69,זכר,8646.0,3936.0,271.0,<15
527,2020-12-13,2020-12-19,65-69,נקבה,9663.0,4026.0,287.0,<15
528,2020-12-13,2020-12-19,65-69,לא ידוע,<15,<15,0.0,0.0
529,2020-12-13,2020-12-19,70-74,לא ידוע,<15,<15,0.0,0.0
530,2020-12-13,2020-12-19,70-74,זכר,6613.0,2995.0,241.0,<15
531,2020-12-13,2020-12-19,70-74,נקבה,7241.0,2932.0,192.0,<15
532,2020-12-13,2020-12-19,75-79,לא ידוע,<15,<15,0.0,0.0
533,2020-12-13,2020-12-19,75-79,זכר,3342.0,1482.0,103.0,<15
534,2020-12-13,2020-12-19,75-79,נקבה,3858.0,1515.0,119.0,<15
535,2020-12-13,2020-12-19,80+,נקבה,12066.0,2638.0,262.0,21.0
536,2020-12-13,2020-12-19,80+,לא ידוע,<15,<15,0.0,0.0
537,2020-12-13,2020-12-19,80+,זכר,5760.0,1815.0,175.0,28.0
538,2020-12-13,2020-12-19,NULL,נקבה,3018.0,2449.0,74.0,0.0
539,2020-12-13,2020-12-19,NULL,לא ידוע,1478.0,543.0,29.0,0.0
540,2020-12-13,2020-12-19,NULL,זכר,4167.0,3157.0,109.0,0.0
541,2020-12-20,2020-12-26,0-19,זכר,104448.0,45330.0,3915.0,0.0
542,2020-12-20,2020-12-26,0-19,לא ידוע,391.0,234.0,<15,0.0
543,2020-12-20,2020-12-26,0-19,נקבה,88484.0,43467.0,4038.0,0.0
544,2020-12-20,2020-12-26,20-24,זכר,24878.0,9186.0,1164.0,<15
545,2020-12-20,2020-12-26,20-24,לא ידוע,81.0,51.0,0.0,0.0
546,2020-12-20,2020-12-26,20-24,נקבה,23091.0,10412.0,1356.0,0.0
547,2020-12-20,2020-12-26,25-29,לא ידוע,32.0,21.0,<15,0.0
548,2020-12-20,2020-12-26,25-29,נקבה,23859.0,10028.0,1240.0,0.0
549,2020-12-20,2020-12-26,25-29,זכר,21021.0,8913.0,1018.0,0.0
550,2020-12-20,2020-12-26,30-34,זכר,21120.0,8834.0,961.0,0.0
551,2020-12-20,2020-12-26,30-34,נקבה,24537.0,9834.0,1027.0,0.0
552,2020-12-20,2020-12-26,30-34,לא ידוע,50.0,26.0,<15,0.0
553,2020-12-20,2020-12-26,35-39,נקבה,23844.0,9299.0,911.0,0.0
554,2020-12-20,2020-12-26,35-39,לא ידוע,38.0,21.0,<15,0.0
555,2020-12-20,2020-12-26,35-39,זכר,20859.0,8777.0,859.0,0.0
556,2020-12-20,2020-12-26,40-44,זכר,19619.0,8155.0,794.0,0.0
557,2020-12-20,2020-12-26,40-44,לא ידוע,29.0,<15,<15,0.0
558,2020-12-20,2020-12-26,40-44,נקבה,23031.0,8726.0,995.0,0.0
559,2020-12-20,2020-12-26,45-49,זכר,18467.0,7517.0,754.0,<15
560,2020-12-20,2020-12-26,45-49,לא ידוע,27.0,<15,<15,0.0
561,2020-12-20,2020-12-26,45-49,נקבה,21774.0,7911.0,902.0,<15
562,2020-12-20,2020-12-26,50-54,לא ידוע,<15,<15,<15,0.0
563,2020-12-20,2020-12-26,50-54,זכר,15100.0,6021.0,656.0,<15
564,2020-12-20,2020-12-26,50-54,נקבה,18259.0,6208.0,723.0,0.0
565,2020-12-20,2020-12-26,55-59,נקבה,15564.0,5104.0,575.0,<15
566,2020-12-20,2020-12-26,55-59,לא ידוע,<15,<15,0.0,0.0
567,2020-12-20,2020-12-26,55-59,זכר,12452.0,4985.0,565.0,<15
568,2020-12-20,2020-12-26,60-64,לא ידוע,27.0,<15,<15,0.0
569,2020-12-20,2020-12-26,60-64,נקבה,13974.0,4530.0,489.0,<15
570,2020-12-20,2020-12-26,60-64,זכר,11179.0,4382.0,487.0,<15
571,2020-12-20,2020-12-26,65-69,זכר,9307.0,3849.0,465.0,<15
572,2020-12-20,2020-12-26,65-69,נקבה,10193.0,3747.0,361.0,<15
573,2020-12-20,2020-12-26,65-69,לא ידוע,<15,<15,0.0,0.0
574,2020-12-20,2020-12-26,70-74,לא ידוע,<15,<15,0.0,0.0
575,2020-12-20,2020-12-26,70-74,זכר,6839.0,2815.0,293.0,15.0
576,2020-12-20,2020-12-26,70-74,נקבה,7947.0,2844.0,259.0,<15
577,2020-12-20,2020-12-26,75-79,לא ידוע,<15,<15,0.0,0.0
578,2020-12-20,2020-12-26,75-79,זכר,3661.0,1474.0,168.0,<15
579,2020-12-20,2020-12-26,75-79,נקבה,4508.0,1569.0,178.0,<15
580,2020-12-20,2020-12-26,80+,נקבה,14319.0,2847.0,329.0,34.0
581,2020-12-20,2020-12-26,80+,לא ידוע,<15,<15,0.0,0.0
582,2020-12-20,2020-12-26,80+,זכר,6763.0,1906.0,220.0,30.0
583,2020-12-20,2020-12-26,NULL,נקבה,2810.0,2158.0,99.0,0.0
584,2020-12-20,2020-12-26,NULL,לא ידוע,2082.0,621.0,66.0,0.0
585,2020-12-20,2020-12-26,NULL,זכר,3888.0,2738.0,91.0,0.0
586,2020-12-27,2021-01-02,0-19,זכר,122719.0,56658.0,6613.0,0.0
587,2020-12-27,2021-01-02,0-19,לא ידוע,390.0,242.0,26.0,0.0
588,2020-12-27,2021-01-02,0-19,נקבה,114472.0,55979.0,5989.0,0.0
589,2020-12-27,2021-01-02,20-24,זכר,21542.0,8579.0,1677.0,<15
590,2020-12-27,2021-01-02,20-24,לא ידוע,38.0,20.0,<15,0.0
591,2020-12-27,2021-01-02,20-24,נקבה,23400.0,9759.0,1774.0,<15
592,2020-12-27,2021-01-02,25-29,לא ידוע,22.0,<15,<15,0.0
593,2020-12-27,2021-01-02,25-29,נקבה,25145.0,9740.0,1579.0,0.0
594,2020-12-27,2021-01-02,25-29,זכר,19626.0,8037.0,1412.0,<15
595,2020-12-27,2021-01-02,30-34,זכר,21186.0,8560.0,1287.0,0.0
596,2020-12-27,2021-01-02,30-34,נקבה,27021.0,10380.0,1417.0,0.0
597,2020-12-27,2021-01-02,30-34,לא ידוע,43.0,24.0,<15,0.0
598,2020-12-27,2021-01-02,35-39,נקבה,27473.0,10400.0,1307.0,0.0
599,2020-12-27,2021-01-02,35-39,לא ידוע,37.0,17.0,<15,0.0
600,2020-12-27,2021-01-02,35-39,זכר,21793.0,8850.0,1179.0,0.0
601,2020-12-27,2021-01-02,40-44,זכר,20072.0,8146.0,1032.0,0.0
602,2020-12-27,2021-01-02,40-44,לא ידוע,41.0,17.0,<15,0.0
603,2020-12-27,2021-01-02,40-44,נקבה,25872.0,9407.0,1210.0,<15
604,2020-12-27,2021-01-02,45-49,זכר,17430.0,7050.0,976.0,<15
605,2020-12-27,2021-01-02,45-49,לא ידוע,40.0,21.0,<15,0.0
606,2020-12-27,2021-01-02,45-49,נקבה,22912.0,8205.0,1104.0,<15
607,2020-12-27,2021-01-02,50-54,לא ידוע,27.0,18.0,0.0,0.0
608,2020-12-27,2021-01-02,50-54,זכר,13770.0,5463.0,904.0,<15
609,2020-12-27,2021-01-02,50-54,נקבה,18155.0,5979.0,940.0,0.0
610,2020-12-27,2021-01-02,55-59,נקבה,15419.0,4874.0,800.0,<15
611,2020-12-27,2021-01-02,55-59,לא ידוע,16.0,<15,<15,0.0
612,2020-12-27,2021-01-02,55-59,זכר,11119.0,4356.0,705.0,<15
613,2020-12-27,2021-01-02,60-64,לא ידוע,34.0,17.0,0.0,0.0
614,2020-12-27,2021-01-02,60-64,נקבה,13019.0,3918.0,619.0,<15
615,2020-12-27,2021-01-02,60-64,זכר,9385.0,3633.0,645.0,<15
616,2020-12-27,2021-01-02,65-69,זכר,7816.0,3039.0,506.0,<15
617,2020-12-27,2021-01-02,65-69,נקבה,9182.0,3057.0,505.0,<15
618,2020-12-27,2021-01-02,65-69,לא ידוע,<15,<15,<15,0.0
619,2020-12-27,2021-01-02,70-74,לא ידוע,<15,<15,0.0,0.0
620,2020-12-27,2021-01-02,70-74,זכר,5788.0,2194.0,375.0,<15
621,2020-12-27,2021-01-02,70-74,נקבה,7040.0,2341.0,342.0,<15
622,2020-12-27,2021-01-02,75-79,לא ידוע,<15,<15,0.0,0.0
623,2020-12-27,2021-01-02,75-79,זכר,3250.0,1188.0,199.0,17.0
624,2020-12-27,2021-01-02,75-79,נקבה,4001.0,1275.0,206.0,<15
625,2020-12-27,2021-01-02,80+,נקבה,13158.0,2329.0,413.0,46.0
626,2020-12-27,2021-01-02,80+,לא ידוע,<15,<15,0.0,0.0
627,2020-12-27,2021-01-02,80+,זכר,5984.0,1563.0,290.0,47.0
628,2020-12-27,2021-01-02,NULL,נקבה,3124.0,2212.0,197.0,0.0
629,2020-12-27,2021-01-02,NULL,לא ידוע,3139.0,1104.0,161.0,0.0
630,2020-12-27,2021-01-02,NULL,זכר,3183.0,2219.0,145.0,<15
631,2021-01-03,2021-01-09,0-19,זכר,141757.0,61200.0,9411.0,0.0
632,2021-01-03,2021-01-09,0-19,לא ידוע,400.0,267.0,44.0,0.0
633,2021-01-03,2021-01-09,0-19,נקבה,133683.0,61210.0,8790.0,0.0
634,2021-01-03,2021-01-09,20-24,זכר,23377.0,9295.0,2471.0,0.0
635,2021-01-03,2021-01-09,20-24,לא ידוע,20.0,15.0,<15,0.0
636,2021-01-03,2021-01-09,20-24,נקבה,25732.0,10536.0,2531.0,0.0
637,2021-01-03,2021-01-09,25-29,לא ידוע,30.0,27.0,<15,0.0
638,2021-01-03,2021-01-09,25-29,נקבה,27361.0,9917.0,2038.0,<15
639,2021-01-03,2021-01-09,25-29,זכר,21521.0,8579.0,1909.0,0.0
640,2021-01-03,2021-01-09,30-34,זכר,23370.0,9010.0,1744.0,<15
641,2021-01-03,2021-01-09,30-34,נקבה,30252.0,10517.0,1836.0,0.0
642,2021-01-03,2021-01-09,30-34,לא ידוע,48.0,24.0,<15,0.0
643,2021-01-03,2021-01-09,35-39,נקבה,31875.0,11079.0,1805.0,0.0
644,2021-01-03,2021-01-09,35-39,לא ידוע,47.0,25.0,<15,0.0
645,2021-01-03,2021-01-09,35-39,זכר,24681.0,9450.0,1586.0,0.0
646,2021-01-03,2021-01-09,40-44,זכר,22901.0,8947.0,1450.0,<15
647,2021-01-03,2021-01-09,40-44,לא ידוע,34.0,20.0,<15,0.0
648,2021-01-03,2021-01-09,40-44,נקבה,29476.0,10046.0,1691.0,<15
649,2021-01-03,2021-01-09,45-49,זכר,19763.0,7762.0,1439.0,0.0
650,2021-01-03,2021-01-09,45-49,לא ידוע,32.0,<15,<15,0.0
651,2021-01-03,2021-01-09,45-49,נקבה,26166.0,8648.0,1505.0,<15
652,2021-01-03,2021-01-09,50-54,לא ידוע,22.0,<15,0.0,0.0
653,2021-01-03,2021-01-09,50-54,זכר,14951.0,5741.0,1042.0,<15
654,2021-01-03,2021-01-09,50-54,נקבה,20173.0,6281.0,1203.0,0.0
655,2021-01-03,2021-01-09,55-59,נקבה,16804.0,5079.0,1088.0,0.0
656,2021-01-03,2021-01-09,55-59,לא ידוע,16.0,<15,<15,0.0
657,2021-01-03,2021-01-09,55-59,זכר,11907.0,4517.0,955.0,<15
658,2021-01-03,2021-01-09,60-64,לא ידוע,29.0,<15,<15,0.0
659,2021-01-03,2021-01-09,60-64,נקבה,14695.0,4242.0,853.0,<15
660,2021-01-03,2021-01-09,60-64,זכר,10425.0,3867.0,802.0,<15
661,2021-01-03,2021-01-09,65-69,זכר,8596.0,3257.0,661.0,<15
662,2021-01-03,2021-01-09,65-69,נקבה,9888.0,3204.0,642.0,<15
663,2021-01-03,2021-01-09,65-69,לא ידוע,<15,<15,0.0,0.0
664,2021-01-03,2021-01-09,70-74,לא ידוע,<15,<15,0.0,0.0
665,2021-01-03,2021-01-09,70-74,זכר,6182.0,2299.0,436.0,22.0
666,2021-01-03,2021-01-09,70-74,נקבה,7535.0,2345.0,474.0,<15
667,2021-01-03,2021-01-09,75-79,לא ידוע,<15,<15,0.0,0.0
668,2021-01-03,2021-01-09,75-79,זכר,3478.0,1141.0,247.0,20.0
669,2021-01-03,2021-01-09,75-79,נקבה,4613.0,1290.0,239.0,<15
670,2021-01-03,2021-01-09,80+,נקבה,16825.0,2349.0,685.0,59.0
671,2021-01-03,2021-01-09,80+,לא ידוע,21.0,<15,0.0,0.0
672,2021-01-03,2021-01-09,80+,זכר,7044.0,1544.0,440.0,71.0
673,2021-01-03,2021-01-09,NULL,נקבה,3556.0,2570.0,181.0,0.0
674,2021-01-03,2021-01-09,NULL,לא ידוע,2878.0,684.0,161.0,0.0
675,2021-01-03,2021-01-09,NULL,זכר,4036.0,2989.0,240.0,0.0
676,2021-01-10,2021-01-16,0-19,זכר,133643.0,50785.0,10806.0,<15
677,2021-01-10,2021-01-16,0-19,לא ידוע,398.0,217.0,40.0,0.0
678,2021-01-10,2021-01-16,0-19,נקבה,126455.0,50475.0,11328.0,<15
679,2021-01-10,2021-01-16,20-24,זכר,26785.0,9985.0,2462.0,0.0
680,2021-01-10,2021-01-16,20-24,לא ידוע,22.0,17.0,<15,0.0
681,2021-01-10,2021-01-16,20-24,נקבה,29098.0,10902.0,2908.0,0.0
682,2021-01-10,2021-01-16,25-29,לא ידוע,30.0,20.0,<15,0.0
683,2021-01-10,2021-01-16,25-29,נקבה,28780.0,9454.0,2350.0,<15
684,2021-01-10,2021-01-16,25-29,זכר,23947.0,8687.0,2008.0,0.0
685,2021-01-10,2021-01-16,30-34,זכר,25271.0,8937.0,1882.0,<15
686,2021-01-10,2021-01-16,30-34,נקבה,31084.0,9592.0,2116.0,0.0
687,2021-01-10,2021-01-16,30-34,לא ידוע,28.0,17.0,<15,0.0
688,2021-01-10,2021-01-16,35-39,נקבה,31464.0,9368.0,2089.0,<15
689,2021-01-10,2021-01-16,35-39,לא ידוע,23.0,<15,<15,0.0
690,2021-01-10,2021-01-16,35-39,זכר,26016.0,8813.0,1814.0,0.0
691,2021-01-10,2021-01-16,40-44,זכר,23988.0,8098.0,1586.0,<15
692,2021-01-10,2021-01-16,40-44,לא ידוע,29.0,16.0,<15,0.0
693,2021-01-10,2021-01-16,40-44,נקבה,29727.0,8777.0,1871.0,<15
694,2021-01-10,2021-01-16,45-49,זכר,21206.0,7402.0,1532.0,<15
695,2021-01-10,2021-01-16,45-49,לא ידוע,24.0,<15,<15,0.0
696,2021-01-10,2021-01-16,45-49,נקבה,26773.0,8023.0,1676.0,0.0
697,2021-01-10,2021-01-16,50-54,לא ידוע,<15,<15,<15,0.0
698,2021-01-10,2021-01-16,50-54,זכר,16528.0,5847.0,1282.0,<15
699,2021-01-10,2021-01-16,50-54,נקבה,21675.0,6220.0,1380.0,<15
700,2021-01-10,2021-01-16,55-59,נקבה,18292.0,5229.0,1089.0,<15
701,2021-01-10,2021-01-16,55-59,לא ידוע,<15,<15,0.0,0.0
702,2021-01-10,2021-01-16,55-59,זכר,13669.0,4829.0,1090.0,<15
703,2021-01-10,2021-01-16,60-64,לא ידוע,<15,<15,<15,0.0
704,2021-01-10,2021-01-16,60-64,נקבה,15909.0,4412.0,960.0,<15
705,2021-01-10,2021-01-16,60-64,זכר,11945.0,4291.0,876.0,<15
706,2021-01-10,2021-01-16,65-69,זכר,9576.0,3427.0,665.0,19.0
707,2021-01-10,2021-01-16,65-69,נקבה,11092.0,3504.0,704.0,<15
708,2021-01-10,2021-01-16,65-69,לא ידוע,<15,<15,<15,0.0
709,2021-01-10,2021-01-16,70-74,לא ידוע,<15,<15,0.0,0.0
710,2021-01-10,2021-01-16,70-74,זכר,6775.0,2376.0,519.0,30.0
711,2021-01-10,2021-01-16,70-74,נקבה,8588.0,2633.0,487.0,<15
712,2021-01-10,2021-01-16,75-79,לא ידוע,<15,<15,0.0,0.0
713,2021-01-10,2021-01-16,75-79,זכר,3838.0,1215.0,268.0,23.0
714,2021-01-10,2021-01-16,75-79,נקבה,5256.0,1483.0,372.0,<15
715,2021-01-10,2021-01-16,80+,נקבה,17065.0,2549.0,754.0,83.0
716,2021-01-10,2021-01-16,80+,לא ידוע,<15,<15,0.0,0.0
717,2021-01-10,2021-01-16,80+,זכר,7389.0,1732.0,504.0,110.0
718,2021-01-10,2021-01-16,NULL,נקבה,4305.0,3325.0,232.0,0.0
719,2021-01-10,2021-01-16,NULL,לא ידוע,2177.0,411.0,103.0,0.0
720,2021-01-10,2021-01-16,NULL,זכר,5100.0,3869.0,240.0,0.0
721,2021-01-17,2021-01-23,0-19,זכר,82584.0,27487.0,9921.0,0.0
722,2021-01-17,2021-01-23,0-19,לא ידוע,210.0,88.0,27.0,0.0
723,2021-01-17,2021-01-23,0-19,נקבה,76633.0,27092.0,9842.0,0.0
724,2021-01-17,2021-01-23,20-24,זכר,25184.0,8970.0,2208.0,0.0
725,2021-01-17,2021-01-23,20-24,לא ידוע,35.0,30.0,<15,0.0
726,2021-01-17,2021-01-23,20-24,נקבה,25749.0,8875.0,2551.0,0.0
727,2021-01-17,2021-01-23,25-29,לא ידוע,38.0,25.0,<15,0.0
728,2021-01-17,2021-01-23,25-29,נקבה,22764.0,6884.0,2025.0,0.0
729,2021-01-17,2021-01-23,25-29,זכר,19971.0,6956.0,1767.0,<15
730,2021-01-17,2021-01-23,30-34,זכר,20058.0,6648.0,1566.0,0.0
731,2021-01-17,2021-01-23,30-34,נקבה,22129.0,6150.0,1737.0,<15
732,2021-01-17,2021-01-23,30-34,לא ידוע,40.0,27.0,<15,0.0
733,2021-01-17,2021-01-23,35-39,נקבה,20875.0,5598.0,1691.0,<15
734,2021-01-17,2021-01-23,35-39,לא ידוע,28.0,19.0,<15,0.0
735,2021-01-17,2021-01-23,35-39,זכר,18746.0,5868.0,1472.0,0.0
736,2021-01-17,2021-01-23,40-44,זכר,17367.0,5418.0,1353.0,<15
737,2021-01-17,2021-01-23,40-44,לא ידוע,24.0,<15,<15,0.0
738,2021-01-17,2021-01-23,40-44,נקבה,20319.0,5240.0,1472.0,<15
739,2021-01-17,2021-01-23,45-49,זכר,16007.0,5173.0,1280.0,<15
740,2021-01-17,2021-01-23,45-49,לא ידוע,<15,<15,0.0,0.0
741,2021-01-17,2021-01-23,45-49,נקבה,19893.0,5263.0,1377.0,<15
742,2021-01-17,2021-01-23,50-54,לא ידוע,<15,<15,0.0,0.0
743,2021-01-17,2021-01-23,50-54,זכר,13535.0,4502.0,1045.0,<15
744,2021-01-17,2021-01-23,50-54,נקבה,17179.0,4452.0,1148.0,<15
745,2021-01-17,2021-01-23,55-59,נקבה,14817.0,3860.0,928.0,<15
746,2021-01-17,2021-01-23,55-59,לא ידוע,<15,<15,<15,0.0
747,2021-01-17,2021-01-23,55-59,זכר,11570.0,3869.0,868.0,<15
748,2021-01-17,2021-01-23,60-64,לא ידוע,<15,<15,<15,0.0
749,2021-01-17,2021-01-23,60-64,נקבה,12703.0,3114.0,682.0,<15
750,2021-01-17,2021-01-23,60-64,זכר,10067.0,3283.0,718.0,17.0
751,2021-01-17,2021-01-23,65-69,זכר,7795.0,2560.0,589.0,22.0
752,2021-01-17,2021-01-23,65-69,נקבה,9334.0,2577.0,589.0,15.0
753,2021-01-17,2021-01-23,65-69,לא ידוע,<15,<15,<15,0.0
754,2021-01-17,2021-01-23,70-74,לא ידוע,<15,<15,<15,0.0
755,2021-01-17,2021-01-23,70-74,זכר,5684.0,1718.0,376.0,32.0
756,2021-01-17,2021-01-23,70-74,נקבה,7396.0,1926.0,414.0,21.0
757,2021-01-17,2021-01-23,75-79,לא ידוע,<15,<15,0.0,0.0
758,2021-01-17,2021-01-23,75-79,זכר,3221.0,890.0,223.0,26.0
759,2021-01-17,2021-01-23,75-79,נקבה,4540.0,1101.0,273.0,15.0
760,2021-01-17,2021-01-23,80+,נקבה,15193.0,2002.0,648.0,86.0
761,2021-01-17,2021-01-23,80+,לא ידוע,<15,<15,<15,0.0
762,2021-01-17,2021-01-23,80+,זכר,6337.0,1256.0,366.0,94.0
763,2021-01-17,2021-01-23,NULL,נקבה,2904.0,2066.0,223.0,0.0
764,2021-01-17,2021-01-23,NULL,לא ידוע,1233.0,290.0,80.0,0.0
765,2021-01-17,2021-01-23,NULL,זכר,3414.0,2295.0,199.0,0.0
766,2021-01-24,2021-01-30,0-19,זכר,76072.0,24358.0,9337.0,<15
767,2021-01-24,2021-01-30,0-19,לא ידוע,254.0,114.0,43.0,0.0
768,2021-01-24,2021-01-30,0-19,נקבה,70280.0,23518.0,9255.0,0.0
769,2021-01-24,2021-01-30,20-24,זכר,23679.0,7628.0,2262.0,<15
770,2021-01-24,2021-01-30,20-24,לא ידוע,40.0,32.0,<15,0.0
771,2021-01-24,2021-01-30,20-24,נקבה,23823.0,7462.0,2387.0,0.0
772,2021-01-24,2021-01-30,25-29,לא ידוע,39.0,25.0,0.0,0.0
773,2021-01-24,2021-01-30,25-29,נקבה,20893.0,5867.0,1922.0,0.0
774,2021-01-24,2021-01-30,25-29,זכר,18698.0,6033.0,1710.0,0.0
775,2021-01-24,2021-01-30,30-34,זכר,18117.0,5614.0,1497.0,0.0
776,2021-01-24,2021-01-30,30-34,נקבה,19856.0,5365.0,1555.0,0.0
777,2021-01-24,2021-01-30,30-34,לא ידוע,79.0,47.0,<15,0.0
778,2021-01-24,2021-01-30,35-39,נקבה,18267.0,4725.0,1397.0,<15
779,2021-01-24,2021-01-30,35-39,לא ידוע,45.0,22.0,<15,0.0
780,2021-01-24,2021-01-30,35-39,זכר,16099.0,4709.0,1364.0,0.0
781,2021-01-24,2021-01-30,40-44,זכר,14446.0,4261.0,1187.0,<15
782,2021-01-24,2021-01-30,40-44,לא ידוע,41.0,23.0,0.0,0.0
783,2021-01-24,2021-01-30,40-44,נקבה,17796.0,4498.0,1347.0,0.0
784,2021-01-24,2021-01-30,45-49,זכר,13828.0,4231.0,1167.0,<15
785,2021-01-24,2021-01-30,45-49,לא ידוע,34.0,21.0,<15,0.0
786,2021-01-24,2021-01-30,45-49,נקבה,17534.0,4277.0,1259.0,0.0
787,2021-01-24,2021-01-30,50-54,לא ידוע,24.0,<15,0.0,0.0
788,2021-01-24,2021-01-30,50-54,זכר,11650.0,3520.0,912.0,<15
789,2021-01-24,2021-01-30,50-54,נקבה,15379.0,3681.0,1009.0,<15
790,2021-01-24,2021-01-30,55-59,נקבה,13190.0,3139.0,828.0,<15
791,2021-01-24,2021-01-30,55-59,לא ידוע,16.0,<15,0.0,0.0
792,2021-01-24,2021-01-30,55-59,זכר,9843.0,2934.0,757.0,<15
793,2021-01-24,2021-01-30,60-64,לא ידוע,<15,<15,<15,0.0
794,2021-01-24,2021-01-30,60-64,נקבה,10988.0,2398.0,563.0,<15
795,2021-01-24,2021-01-30,60-64,זכר,8034.0,2410.0,573.0,21.0
796,2021-01-24,2021-01-30,65-69,זכר,6237.0,1836.0,402.0,23.0
797,2021-01-24,2021-01-30,65-69,נקבה,7769.0,1941.0,468.0,<15
798,2021-01-24,2021-01-30,65-69,לא ידוע,<15,<15,0.0,0.0
799,2021-01-24,2021-01-30,70-74,לא ידוע,<15,0.0,<15,0.0
800,2021-01-24,2021-01-30,70-74,זכר,4817.0,1386.0,278.0,31.0
801,2021-01-24,2021-01-30,70-74,נקבה,6216.0,1587.0,334.0,<15
802,2021-01-24,2021-01-30,75-79,לא ידוע,<15,0.0,0.0,0.0
803,2021-01-24,2021-01-30,75-79,זכר,2679.0,726.0,161.0,27.0
804,2021-01-24,2021-01-30,75-79,נקבה,3627.0,876.0,227.0,19.0
805,2021-01-24,2021-01-30,80+,נקבה,11739.0,1555.0,505.0,105.0
806,2021-01-24,2021-01-30,80+,לא ידוע,<15,<15,0.0,0.0
807,2021-01-24,2021-01-30,80+,זכר,5617.0,1111.0,325.0,88.0
808,2021-01-24,2021-01-30,NULL,נקבה,2484.0,1663.0,171.0,0.0
809,2021-01-24,2021-01-30,NULL,לא ידוע,1043.0,210.0,50.0,0.0
810,2021-01-24,2021-01-30,NULL,זכר,3373.0,2244.0,244.0,0.0
