date,new_hospitalized,Counthospitalized,Counthospitalized_without_release,CountHardStatus,CountMediumStatus,CountEasyStatus,CountBreath,CountDeath,total_beds,StandardOccupancy,num_visits,patients_home,patients_hotel,CountBreathCum,CountDeathCum,CountCriticalStatus,CountSeriousCriticalCum,serious_critical_new
2020-03-02T00:00:00.000Z,3,10,10,0,0,10,0,0,3047,0.003281916639317361,5429,-266,0,0,0,0,0,0
2020-03-03T00:00:00.000Z,0,10,10,0,0,10,0,0,3047,0.003281916639317361,7589,-263,0,0,0,0,0,0
2020-03-04T00:00:00.000Z,3,12,11,0,0,12,0,0,3047,0.003938299967180834,6755,-264,0,0,0,0,0,0
2020-03-05T00:00:00.000Z,2,13,13,1,0,12,0,0,3047,0.00426649163111257,6836,-264,0,0,0,0,1,1
2020-03-06T00:00:00.000Z,3,16,16,2,0,14,1,0,3047,0.005251066622907778,4978,-263,0,1,0,0,2,1
2020-03-07T00:00:00.000Z,3,20,20,3,0,17,2,0,3047,0.006563833278634723,4682,-263,0,2,0,0,3,1
2020-03-08T00:00:00.000Z,8,27,27,5,0,22,4,0,3047,0.008861174926156876,7075,-261,0,4,0,0,5,2
2020-03-09T00:00:00.000Z,16,41,41,5,0,36,4,0,3047,0.01345585822120118,6009,-271,0,4,0,0,5,0
2020-03-10T00:00:00.000Z,19,61,61,6,0,55,5,0,3047,0.0200196914998359,5803,-258,0,5,0,0,6,1
2020-03-11T00:00:00.000Z,25,84,83,7,1,76,6,0,3047,0.02756809977026584,5719,-261,0,6,0,0,7,1
2020-03-12T00:00:00.000Z,23,107,105,7,1,99,6,0,3047,0.03511650804069576,5769,-261,0,6,0,0,7,0
2020-03-13T00:00:00.000Z,23,127,126,7,5,115,6,0,3047,0.04168034131933049,3985,-248,0,6,0,0,7,0
2020-03-14T00:00:00.000Z,41,167,165,6,5,156,4,0,3047,0.05480800787659994,3550,-258,0,6,0,0,8,1
2020-03-15T00:00:00.000Z,41,206,204,9,7,190,6,0,3047,0.06760748276993764,5336,-258,0,8,0,0,11,3
2020-03-16T00:00:00.000Z,25,226,220,11,6,209,7,0,3047,0.07417131604857237,4620,-201,0,9,0,0,13,2
2020-03-17T00:00:00.000Z,46,260,260,12,7,241,7,0,3047,0.0853298326222514,4223,-149,0,9,0,0,14,1
2020-03-18T00:00:00.000Z,55,313,275,16,12,285,7,0,3047,0.1027239908106334,3764,-48,0,9,0,0,18,4
2020-03-19T00:00:00.000Z,31,302,270,21,12,269,12,0,3047,0.09911388250738432,3927,89,0,14,0,0,23,5
2020-03-20T00:00:00.000Z,30,294,256,23,15,256,12,1,3047,0.09648834919593043,3096,269,0,14,1,0,26,3
2020-03-21T00:00:00.000Z,34,285,282,27,22,236,15,0,3047,0.0935346242205448,2791,452,0,17,1,0,30,4
2020-03-22T00:00:00.000Z,54,334,315,38,33,263,22,0,3047,0.1096160157531999,4359,669,0,24,1,0,41,11
2020-03-23T00:00:00.000Z,58,364,331,44,37,283,24,0,3047,0.119461765671152,3905,999,0,28,1,0,48,7
2020-03-24T00:00:00.000Z,81,408,354,48,49,311,26,3,3047,0.1339021988841483,3835,1391,0,30,4,0,55,7
2020-03-25T00:00:00.000Z,81,428,411,52,54,322,28,1,3047,0.1404660321627831,3533,1752,0,33,5,0,60,5
2020-03-26T00:00:00.000Z,81,484,430,56,67,361,31,5,3047,0.1588447653429603,3789,2238,0,39,10,0,69,10
2020-03-27T00:00:00.000Z,110,532,483,66,71,395,37,2,3047,0.1745979652116836,3129,2598,0,46,12,0,82,13
2020-03-28T00:00:00.000Z,52,528,497,70,83,375,41,1,3047,0.1732851985559567,2721,3054,0,51,13,0,87,5
2020-03-29T00:00:00.000Z,69,557,530,80,88,389,50,3,3047,0.182802756809977,4118,3535,0,62,16,0,101,14
2020-03-30T00:00:00.000Z,122,634,585,89,103,442,54,1,3047,0.2080735149327207,3750,3991,0,69,17,0,113,13
2020-03-31T00:00:00.000Z,110,684,641,99,114,471,64,4,3047,0.2244830981293075,3849,4622,0,81,21,0,128,16
2020-04-01T00:00:00.000Z,147,773,731,111,143,519,72,8,3047,0.253692156219232,3912,4496,689,95,29,0,148,21
2020-04-02T00:00:00.000Z,115,817,732,113,145,559,79,9,3047,0.2681325894322284,4149,5082,720,106,38,0,160,12
2020-04-03T00:00:00.000Z,97,815,726,131,159,525,93,5,3047,0.267476206104365,3373,5625,717,126,43,0,182,24
2020-04-04T00:00:00.000Z,73,790,752,140,170,480,107,6,3047,0.2592714145060716,3031,5963,718,143,49,0,197,17
2020-04-05T00:00:00.000Z,99,826,740,135,193,498,107,7,3047,0.2710863144076141,4356,6471,693,150,56,0,203,6
2020-04-06T00:00:00.000Z,93,809,695,147,208,454,110,8,3047,0.2655070561207745,3937,6731,796,164,64,0,223,21
2020-04-07T00:00:00.000Z,73,750,655,160,204,386,106,8,3047,0.2461437479488021,4155,6994,819,171,72,1,241,18
2020-04-08T00:00:00.000Z,57,694,616,166,196,332,115,8,3047,0.2277650147686249,3369,7207,859,178,80,0,259,22
2020-04-09T00:00:00.000Z,65,669,635,166,189,314,117,9,3047,0.2195602231703315,3232,7320,944,185,89,0,275,19
2020-04-10T00:00:00.000Z,54,674,600,170,173,331,128,8,3047,0.2212011814899902,3947,7506,1002,196,97,0,285,13
2020-04-11T00:00:00.000Z,40,627,595,182,163,282,130,6,3047,0.2057761732851986,3084,7661,1061,205,103,0,309,26
2020-04-12T00:00:00.000Z,90,670,621,177,175,318,130,6,3047,0.2198884148342632,4797,7891,1074,212,109,0,327,21
2020-04-13T00:00:00.000Z,91,696,630,192,169,335,137,9,3047,0.2284213980964883,4515,7909,1181,224,118,0,353,34
2020-04-14T00:00:00.000Z,70,684,636,178,173,333,134,8,3047,0.2244830981293075,4209,7939,1229,228,126,0,360,8
2020-04-15T00:00:00.000Z,69,691,665,179,175,337,132,13,3047,0.2267804397768297,3368,7908,1238,241,139,0,381,26
2020-04-16T00:00:00.000Z,51,702,640,182,163,357,137,7,3047,0.2303905480800788,5208,7753,1366,251,146,0,394,19
2020-04-17T00:00:00.000Z,48,667,613,165,163,339,124,9,3047,0.218903839842468,4060,7716,1348,254,155,0,402,13
2020-04-18T00:00:00.000Z,41,637,611,174,141,322,118,11,3047,0.2090580899245159,3696,7428,1661,260,166,0,418,28
2020-04-19T00:00:00.000Z,40,624,574,157,148,319,118,8,3047,0.2047915982934034,5597,7290,1707,267,174,0,426,8
2020-04-20T00:00:00.000Z,49,600,547,154,135,311,123,6,3047,0.1969149983590417,4910,7130,1723,276,180,0,431,11
2020-04-21T00:00:00.000Z,27,550,511,145,146,259,119,9,3047,0.1805054151624549,4731,7039,1738,279,189,0,437,8
2020-04-22T00:00:00.000Z,36,525,489,149,122,254,110,3,3047,0.1723006235641615,4648,6872,1739,279,192,0,445,10
2020-04-23T00:00:00.000Z,32,496,447,146,106,244,114,4,3047,0.1627830653101411,5175,6974,1605,283,196,0,450,11
2020-04-24T00:00:00.000Z,26,468,442,144,109,215,108,3,3047,0.1535936987200525,4255,6725,1751,287,199,0,457,9
2020-04-25T00:00:00.000Z,8,441,427,136,105,200,107,3,3047,0.1447325237938957,3527,6497,1762,288,202,0,460,7
2020-04-26T00:00:00.000Z,32,437,409,142,91,204,111,2,3047,0.1434197571381687,5560,6179,1737,292,204,0,467,10
2020-04-27T00:00:00.000Z,21,413,379,132,89,192,101,4,3047,0.135543157203807,5124,5816,1775,293,208,0,469,3
2020-04-28T00:00:00.000Z,27,391,366,127,85,179,100,5,3047,0.1283229405973088,4682,5454,1726,296,213,0,473,6
2020-04-29T00:00:00.000Z,23,383,368,122,86,175,96,6,3047,0.1256974072858549,4068,5166,1726,296,219,0,478,6
2020-04-30T00:00:00.000Z,19,377,344,112,87,178,90,6,3047,0.1237282573022645,5461,4886,1721,296,225,0,481,5
2020-05-01T00:00:00.000Z,20,345,326,109,81,155,89,4,3047,0.113226124056449,4405,4566,1746,299,229,0,485,5
2020-05-02T00:00:00.000Z,14,337,330,111,66,160,90,3,3047,0.1106005907449951,3828,4453,1610,300,232,0,487,7
2020-05-03T00:00:00.000Z,14,326,300,101,71,154,84,3,3047,0.106990482441746,5779,4217,1591,300,235,0,487,2
2020-05-04T00:00:00.000Z,18,308,276,97,71,140,78,3,3047,0.1010830324909747,5315,4070,1545,300,238,0,488,2
2020-05-05T00:00:00.000Z,9,271,257,91,61,119,72,2,3047,0.08893994092550049,5224,3850,1488,300,240,0,488,0
2020-05-06T00:00:00.000Z,15,267,248,88,61,118,70,1,3047,0.08762717426977355,5142,3707,1439,300,241,0,489,3
2020-05-07T00:00:00.000Z,13,255,243,84,60,111,70,1,3047,0.08368887430259271,5419,3551,1423,302,242,0,490,3
2020-05-08T00:00:00.000Z,13,243,239,78,53,112,64,6,3047,0.07975057433541188,4641,3410,1365,303,248,0,492,3
2020-05-09T00:00:00.000Z,10,247,244,78,50,119,64,3,3047,0.08106334099113882,3106,3487,1204,304,251,0,493,5
2020-05-10T00:00:00.000Z,14,245,228,74,51,120,66,4,3047,0.08040695766327535,6097,3354,1202,308,255,0,496,4
2020-05-11T00:00:00.000Z,9,229,213,69,54,106,60,5,3047,0.07515589104036757,5289,3058,1208,309,260,0,499,3
2020-05-12T00:00:00.000Z,10,219,202,65,52,102,56,3,3047,0.07187397440105021,5416,2978,1054,310,263,0,501,3
2020-05-13T00:00:00.000Z,10,203,200,61,48,94,53,3,3047,0.06662290777814243,5383,2919,968,312,266,0,503,2
2020-05-14T00:00:00.000Z,6,198,189,61,43,94,52,2,3047,0.06498194945848375,5779,2757,917,313,268,0,504,2
2020-05-15T00:00:00.000Z,1,189,185,61,43,85,52,0,3047,0.06202822448309813,5004,2712,814,313,268,0,504,0
2020-05-16T00:00:00.000Z,4,183,183,60,40,83,51,3,3047,0.06005907449950771,4369,2646,780,313,271,0,504,0
2020-05-17T00:00:00.000Z,10,186,174,55,38,93,45,4,3047,0.06104364949130292,6530,2533,756,314,275,0,506,3
2020-05-18T00:00:00.000Z,3,172,161,52,42,78,43,3,3047,0.05644896619625862,5996,2317,725,315,278,0,507,1
2020-05-19T00:00:00.000Z,7,166,160,51,43,72,40,2,3047,0.0544798162126682,6127,2302,603,315,280,0,509,3
2020-05-20T00:00:00.000Z,4,159,146,46,40,73,41,1,3047,0.05218247456514605,6060,2245,570,315,281,0,509,1
2020-05-21T00:00:00.000Z,8,151,141,47,31,73,37,0,3047,0.04955694125369216,6343,2192,514,315,281,0,509,2
2020-05-22T00:00:00.000Z,5,143,140,46,32,65,37,0,3047,0.04693140794223827,5198,2107,455,315,281,0,509,0
2020-05-23T00:00:00.000Z,3,143,142,46,33,64,37,0,3047,0.04693140794223827,4603,2118,400,315,281,0,509,0
2020-05-24T00:00:00.000Z,0,141,126,43,36,62,34,1,3047,0.04627502461437479,6907,2037,390,315,282,0,509,1
2020-05-25T00:00:00.000Z,8,132,124,41,32,59,29,2,3047,0.04332129963898917,6306,1970,345,315,284,0,510,2
2020-05-26T00:00:00.000Z,3,124,119,36,37,51,32,0,3047,0.04069576632753528,6265,1993,283,315,284,0,510,1
2020-05-27T00:00:00.000Z,5,122,116,40,37,45,36,2,3047,0.04003938299967181,6312,1978,276,316,286,1,512,5
2020-05-28T00:00:00.000Z,7,122,115,36,37,49,34,1,3047,0.04003938299967181,5390,1942,273,316,287,0,512,0
2020-05-29T00:00:00.000Z,5,119,119,39,36,44,37,0,3047,0.0390548080078766,4548,2044,241,317,287,0,513,4
2020-05-30T00:00:00.000Z,5,125,124,35,43,47,33,0,3047,0.04102395799146702,4772,2028,241,317,287,0,513,0
2020-05-31T00:00:00.000Z,5,128,120,35,47,46,31,0,3047,0.04200853298326222,7132,2053,245,317,287,0,514,3
2020-06-01T00:00:00.000Z,12,128,112,32,45,51,29,3,3047,0.04200853298326222,6362,2108,224,317,290,0,514,1
2020-06-02T00:00:00.000Z,13,122,115,29,44,49,29,2,3047,0.04003938299967181,6370,2190,202,318,292,0,515,2
2020-06-03T00:00:00.000Z,8,121,117,28,42,51,25,1,3047,0.03971119133574007,6293,2233,225,318,293,0,515,1
2020-06-04T00:00:00.000Z,11,128,116,30,37,61,23,0,3047,0.04200853298326222,6701,2332,227,318,293,0,518,4
2020-06-05T00:00:00.000Z,8,122,112,29,41,52,23,1,3047,0.04003938299967181,5538,2423,228,318,294,0,518,0
2020-06-06T00:00:00.000Z,9,117,115,29,42,46,21,4,3047,0.03839842468001313,4954,2459,239,318,298,0,521,5
2020-06-07T00:00:00.000Z,12,125,121,29,42,54,23,2,3047,0.04102395799146702,7550,2540,247,319,300,0,525,5
2020-06-08T00:00:00.000Z,16,136,122,30,46,60,23,0,3047,0.04463406629471611,6393,2661,262,319,300,0,527,2
2020-06-09T00:00:00.000Z,10,132,119,31,42,59,24,1,3047,0.04332129963898917,6648,2792,259,321,301,0,530,3
2020-06-10T00:00:00.000Z,24,141,124,32,45,64,24,1,3047,0.04627502461437479,6816,2950,283,322,302,0,532,2
2020-06-11T00:00:00.000Z,13,136,125,35,38,63,24,0,3047,0.04463406629471611,6839,3044,321,322,302,0,536,6
2020-06-12T00:00:00.000Z,13,139,127,35,43,61,25,0,3047,0.04561864128651132,5678,3154,338,323,302,0,539,3
2020-06-13T00:00:00.000Z,11,136,133,35,45,56,26,1,3047,0.04463406629471611,5054,3234,359,324,303,0,539,2
2020-06-14T00:00:00.000Z,15,146,135,31,48,67,23,2,3047,0.04791598293403348,7569,3316,360,324,305,0,540,1
2020-06-15T00:00:00.000Z,23,158,136,36,47,75,25,0,3047,0.05185428290121431,6581,3389,393,327,305,0,547,7
2020-06-16T00:00:00.000Z,21,156,137,38,43,75,26,1,3047,0.05119789957335084,6824,3626,401,330,306,0,550,4
2020-06-17T00:00:00.000Z,23,161,152,36,49,76,29,0,3047,0.05283885789300952,6514,3807,428,333,306,0,552,3
2020-06-18T00:00:00.000Z,37,189,163,40,43,106,28,0,3047,0.06202822448309813,6784,4001,471,336,306,0,557,6
2020-06-19T00:00:00.000Z,29,193,183,39,47,107,29,1,3047,0.06334099113882508,5734,4212,491,337,307,0,561,6
2020-06-20T00:00:00.000Z,33,217,213,41,50,126,28,1,3047,0.07121759107318675,5022,4288,508,337,308,0,565,4
2020-06-21T00:00:00.000Z,38,250,216,45,59,146,29,0,3047,0.08204791598293404,7744,4394,520,338,308,0,571,9
2020-06-22T00:00:00.000Z,23,236,202,43,56,137,29,1,3047,0.07745323268788973,6877,4675,537,339,309,0,573,5
2020-06-23T00:00:00.000Z,20,220,194,40,52,128,26,2,3047,0.07220216606498195,6529,5022,561,340,311,0,575,4
2020-06-24T00:00:00.000Z,34,225,198,45,45,135,27,3,3047,0.07384312438464063,6553,5383,606,341,314,0,580,6
2020-06-25T00:00:00.000Z,26,220,197,44,56,120,28,4,3047,0.07220216606498195,6644,5792,633,343,318,0,585,5
2020-06-26T00:00:00.000Z,46,240,221,45,57,138,26,3,3047,0.07876599934361667,5490,6057,673,343,321,0,591,8
2020-06-27T00:00:00.000Z,26,243,226,40,56,147,22,3,3047,0.07975057433541188,4985,6378,691,343,324,0,592,1
2020-06-28T00:00:00.000Z,47,271,231,39,67,165,22,2,3047,0.08893994092550049,7517,6615,689,346,326,0,596,4
2020-06-29T00:00:00.000Z,46,276,243,44,68,164,24,0,3047,0.09058089924515918,6878,7172,713,347,326,0,601,7
2020-06-30T00:00:00.000Z,52,295,256,56,68,171,24,1,3047,0.09681654085986216,6548,7773,751,348,327,0,613,16
2020-07-01T00:00:00.000Z,82,332,283,59,73,200,24,3,3047,0.1089596324253364,6341,8596,771,351,330,0,620,10
2020-07-02T00:00:00.000Z,64,344,308,72,72,200,28,1,3047,0.1128979323925172,6707,9566,793,358,331,0,640,23
2020-07-03T00:00:00.000Z,56,359,314,83,75,201,29,3,3047,0.1178208073514933,5633,10291,879,361,334,0,648,13
2020-07-04T00:00:00.000Z,61,369,345,85,84,200,33,5,3047,0.1211027239908106,3784,10918,962,367,339,0,657,11
2020-07-05T00:00:00.000Z,82,427,376,94,82,251,32,2,3047,0.1401378404988513,7344,11577,952,373,341,0,670,16
2020-07-06T00:00:00.000Z,81,449,369,90,97,262,34,8,3047,0.1473580571053495,6638,12440,1022,376,349,0,677,8
2020-07-07T00:00:00.000Z,104,468,410,93,95,280,35,5,3047,0.1535936987200525,6401,13428,1202,378,354,0,692,21
2020-07-08T00:00:00.000Z,91,495,436,113,89,293,38,5,3047,0.1624548736462094,6453,14335,1357,383,359,1,716,28
2020-07-09T00:00:00.000Z,120,552,481,126,100,326,41,5,3047,0.1811617984903184,6591,15296,1643,389,364,0,749,34
2020-07-10T00:00:00.000Z,87,562,477,130,105,327,41,4,3047,0.1844437151296357,5592,16328,1806,390,368,0,764,15
2020-07-11T00:00:00.000Z,91,567,525,136,120,311,46,5,3047,0.1860846734492944,4821,17142,1916,395,373,0,782,20
2020-07-12T00:00:00.000Z,124,642,539,151,125,366,47,7,3047,0.2106990482441746,7501,17916,2017,398,380,0,810,34
2020-07-13T00:00:00.000Z,120,657,541,184,121,352,53,4,3047,0.2156219232031506,6724,19032,2251,408,384,0,853,51
2020-07-14T00:00:00.000Z,108,643,575,190,140,313,55,7,3047,0.2110272399081064,6632,20049,2483,412,391,0,885,35
2020-07-15T00:00:00.000Z,109,681,565,209,121,350,58,6,3047,0.2234985231375123,6494,21318,2733,418,397,1,922,47
2020-07-16T00:00:00.000Z,136,692,578,209,132,350,59,9,3047,0.2271086314407614,6554,22521,2938,426,406,0,951,36
2020-07-17T00:00:00.000Z,139,705,620,219,150,336,58,12,3047,0.231375123071874,5363,23364,3163,429,418,0,977,27
2020-07-18T00:00:00.000Z,100,712,680,235,150,327,56,8,3047,0.2336724647193961,4930,24033,3431,429,426,0,1005,32
2020-07-19T00:00:00.000Z,156,827,698,270,144,413,73,10,3047,0.2714145060715458,7485,24451,3479,445,436,0,1071,76
2020-07-20T00:00:00.000Z,145,823,691,264,148,411,78,12,3047,0.2701017394158188,6620,25369,3819,456,448,0,1109,41
2020-07-21T00:00:00.000Z,128,810,679,256,142,412,80,9,3047,0.2658352477847062,6556,26300,4263,464,457,0,1144,40
2020-07-22T00:00:00.000Z,136,805,709,284,138,383,79,6,3047,0.2641942894650476,6500,24339,4390,472,463,0,1198,62
2020-07-23T00:00:00.000Z,127,821,720,310,152,359,83,16,3047,0.2694453560879554,6798,19842,4185,481,479,0,1253,65
2020-07-24T00:00:00.000Z,104,816,735,328,153,335,86,8,3047,0.2678043977682967,5706,21194,2958,487,487,0,1288,43
2020-07-25T00:00:00.000Z,90,819,784,321,178,320,98,7,3047,0.2687889727600919,4946,21351,3252,501,494,0,1309,29
2020-07-26T00:00:00.000Z,125,894,782,311,197,386,99,11,3047,0.2934033475549721,7428,19529,3258,512,505,0,1345,44
2020-07-27T00:00:00.000Z,140,919,791,316,182,421,94,7,3047,0.3016081391532655,6609,19799,3198,520,512,0,1390,54
2020-07-28T00:00:00.000Z,124,904,792,322,185,397,94,8,3047,0.2966852641942895,6372,20216,3289,527,520,0,1436,53
2020-07-29T00:00:00.000Z,122,895,785,335,173,387,96,15,3047,0.2937315392189038,6247,20740,3263,536,535,0,1483,59
2020-07-30T00:00:00.000Z,93,865,757,318,172,375,101,15,3047,0.2838857893009518,5957,20713,3349,550,550,0,1517,39
2020-07-31T00:00:00.000Z,118,862,776,317,171,374,93,14,3047,0.2829012143091566,5784,20722,3347,554,564,0,1545,31
2020-08-01T00:00:00.000Z,106,870,815,337,165,368,93,14,3047,0.2855267476206104,4947,20680,3416,563,578,0,1589,53
2020-08-02T00:00:00.000Z,140,947,830,349,171,427,99,11,3047,0.3107975057433541,7323,18652,3597,571,589,0,1634,56
2020-08-03T00:00:00.000Z,109,922,788,327,147,447,93,15,3047,0.3025927141450607,6639,18861,3360,580,604,0,1673,43
2020-08-04T00:00:00.000Z,111,888,773,341,165,382,97,11,3047,0.2914341975713817,6745,18987,3261,584,615,0,1726,63
2020-08-05T00:00:00.000Z,141,902,782,354,164,384,104,10,3047,0.296028880866426,6352,19207,3184,596,625,0,1760,41
2020-08-06T00:00:00.000Z,111,885,774,356,152,377,96,9,3047,0.2904496225795865,6439,18909,3333,604,634,2,1799,47
2020-08-07T00:00:00.000Z,120,886,815,366,159,361,103,12,3047,0.2907778142435182,5446,19170,3535,613,646,2,1838,47
2020-08-08T00:00:00.000Z,99,902,865,387,177,337,100,13,3047,0.296028880866426,4537,19432,3346,616,659,2,1880,51
2020-08-09T00:00:00.000Z,146,1004,849,386,199,418,109,7,3047,0.3295044305874631,7231,17961,3441,630,666,2,1927,52
2020-08-10T00:00:00.000Z,104,938,812,391,183,364,108,15,3047,0.3078437807679685,6454,18501,3230,637,681,3,1966,51
2020-08-11T00:00:00.000Z,104,902,783,372,191,339,109,11,3047,0.296028880866426,6784,19370,3206,641,692,1,2009,43
2020-08-12T00:00:00.000Z,109,879,759,371,171,336,106,15,3047,0.2884804725959961,6212,19717,3343,647,707,4,2050,47
2020-08-13T00:00:00.000Z,144,889,784,370,178,341,107,16,3047,0.2917623892353135,5980,19949,3387,659,723,3,2095,61
2020-08-14T00:00:00.000Z,117,890,807,368,179,341,102,12,3047,0.2920905808992452,4975,20349,3350,663,735,3,2130,43
2020-08-15T00:00:00.000Z,119,920,875,382,180,357,109,10,3047,0.3019363308171972,4338,20319,3491,672,745,3,2166,48
2020-08-16T00:00:00.000Z,134,988,845,374,195,418,106,19,3047,0.3242533639645553,6799,19206,3435,682,764,5,2213,51
2020-08-17T00:00:00.000Z,107,947,824,391,182,373,108,4,3047,0.3107975057433541,5669,19924,3179,688,768,113,2361,61
2020-08-18T00:00:00.000Z,142,954,822,396,185,370,112,14,3047,0.3130948473908763,5812,20496,3115,697,782,120,2421,63
2020-08-19T00:00:00.000Z,112,922,823,382,178,361,111,12,3047,0.3025927141450607,5561,20646,3100,701,794,117,2459,45
2020-08-20T00:00:00.000Z,114,926,803,393,176,352,110,12,3047,0.3039054808007877,5837,20814,2979,710,806,118,2515,60
2020-08-21T00:00:00.000Z,129,921,847,400,169,348,110,13,3047,0.302264522481129,4859,20700,2935,719,819,116,2561,51
2020-08-22T00:00:00.000Z,97,934,900,402,179,351,112,10,3047,0.3065310141122415,4228,20777,2835,728,829,120,2599,39
2020-08-23T00:00:00.000Z,132,1019,908,405,210,396,113,13,3047,0.3344273055464391,6501,19653,2762,739,842,120,2668,64
2020-08-24T00:00:00.000Z,129,1024,893,424,201,397,117,16,3047,0.3360682638660978,5683,20531,2372,752,858,125,2740,71
2020-08-25T00:00:00.000Z,114,992,864,426,181,378,116,19,3047,0.3255661306202822,5789,21865,2202,759,877,123,2792,59
2020-08-26T00:00:00.000Z,164,1019,885,417,189,405,116,11,3047,0.3344273055464391,5676,20001,2248,768,888,121,2846,55
2020-08-27T00:00:00.000Z,138,1014,875,422,191,399,115,11,3047,0.3327863472267805,5724,20598,2184,774,899,122,2904,63
2020-08-28T00:00:00.000Z,106,970,875,416,202,348,110,12,3047,0.318345914013784,4944,20538,2216,779,911,120,2950,54
2020-08-29T00:00:00.000Z,99,968,925,438,196,327,115,5,3047,0.3176895306859206,4437,20627,2267,785,916,126,2987,46
2020-08-30T00:00:00.000Z,170,1081,943,454,213,406,124,14,3047,0.3547751887102068,6685,19401,2241,794,930,132,3050,66
2020-08-31T00:00:00.000Z,154,1077,917,433,207,432,118,23,3047,0.3534624220544798,6011,20309,2012,801,953,124,3108,65
2020-09-01T00:00:00.000Z,123,1022,896,417,199,399,115,15,3047,0.3354118805382343,6663,21609,1948,810,968,123,3155,51
2020-09-02T00:00:00.000Z,121,1003,870,414,171,410,119,14,3047,0.3291762389235313,6178,23343,1999,824,982,124,3213,65
2020-09-03T00:00:00.000Z,141,995,865,401,157,423,113,16,3047,0.3265507056120774,6145,24154,2006,830,998,116,3248,40
2020-09-04T00:00:00.000Z,129,984,895,414,147,415,117,12,3047,0.3229405973088284,5055,25450,2070,837,1010,120,3303,62
2020-09-05T00:00:00.000Z,121,1003,962,438,149,406,124,15,3047,0.3291762389235313,4582,25781,2257,851,1025,128,3359,66
2020-09-06T00:00:00.000Z,174,1126,967,456,181,474,130,12,3047,0.3695438135871349,6866,25593,2180,860,1037,133,3420,81
2020-09-07T00:00:00.000Z,167,1116,990,458,183,452,131,17,3047,0.3662618969478175,6184,27475,2035,870,1054,135,3475,63
2020-09-08T00:00:00.000Z,163,1138,992,460,186,479,140,20,3047,0.3734821135543157,6068,29437,2084,879,1074,141,3545,65
2020-09-09T00:00:00.000Z,177,1152,1018,485,188,466,136,15,3047,0.37807679684936,6022,31763,2224,887,1089,145,3631,88
2020-09-10T00:00:00.000Z,170,1179,1049,490,201,472,136,14,3047,0.3869379717755169,5985,33756,2345,897,1103,151,3705,77
2020-09-11T00:00:00.000Z,150,1185,1059,487,203,484,129,20,3047,0.3889071217591073,5159,35767,2484,903,1123,140,3762,60
2020-09-12T00:00:00.000Z,145,1190,1120,518,202,453,130,15,3047,0.390548080078766,4702,36881,2733,912,1138,138,3837,80
2020-09-13T00:00:00.000Z,206,1311,1144,518,234,549,132,17,3047,0.4302592714145061,6991,36680,2751,921,1155,150,3918,79
2020-09-14T00:00:00.000Z,213,1344,1158,524,235,575,131,20,3047,0.4410895963242534,6126,39172,2602,932,1175,145,3995,79
2020-09-15T00:00:00.000Z,198,1342,1189,515,232,555,131,16,3047,0.4404332129963899,6117,42204,2758,942,1191,138,4068,77
2020-09-16T00:00:00.000Z,209,1370,1205,532,270,550,135,26,3047,0.4496225795864785,6190,43699,2973,953,1217,140,4162,102
2020-09-17T00:00:00.000Z,215,1404,1211,566,255,549,140,17,3047,0.4607810961601576,6129,45138,3130,970,1234,157,4265,112
2020-09-18T00:00:00.000Z,196,1398,1261,587,258,515,143,20,3047,0.4588119461765671,5016,47548,3113,984,1254,153,4360,105
2020-09-19T00:00:00.000Z,156,1391,1292,611,254,503,147,27,3047,0.456514604529045,4477,49609,3340,998,1281,161,4448,82
2020-09-20T00:00:00.000Z,219,1494,1384,628,242,596,157,21,3047,0.4903183459140138,5141,49522,3384,1011,1302,166,4532,94
2020-09-21T00:00:00.000Z,223,1576,1335,657,278,605,161,32,3047,0.5172300623564161,6579,48746,3302,1028,1334,173,4653,127
2020-09-22T00:00:00.000Z,244,1558,1364,631,294,601,160,26,3047,0.5113226124056449,5853,52149,3300,1045,1360,178,4751,95
2020-09-23T00:00:00.000Z,241,1590,1403,666,267,615,150,25,3047,0.5218247456514604,5659,55211,3419,1052,1385,168,4857,128
2020-09-24T00:00:00.000Z,259,1627,1411,660,278,634,148,31,3047,0.5339678372169346,5817,58687,3456,1067,1416,192,4976,112
2020-09-25T00:00:00.000Z,232,1615,1452,705,260,624,164,30,3047,0.5300295372497539,4881,62589,3655,1085,1446,207,5099,137
2020-09-26T00:00:00.000Z,218,1651,1538,720,285,627,179,26,3047,0.5418444371512964,4698,65730,3858,1111,1472,221,5210,105
2020-09-27T00:00:00.000Z,253,1782,1587,733,287,725,187,32,3047,0.5848375451263538,5438,63327,3818,1135,1504,223,5344,127
2020-09-28T00:00:00.000Z,180,1738,1660,759,304,650,185,28,3047,0.5703971119133574,3949,62035,3965,1149,1532,221,5441,100
2020-09-29T00:00:00.000Z,279,1906,1596,798,310,754,195,35,3047,0.625533311453889,6750,61267,3847,1164,1567,246,5581,144
2020-09-30T00:00:00.000Z,257,1826,1582,819,287,675,198,37,3047,0.5992779783393501,5534,65149,3713,1185,1604,249,5726,141
2020-10-01T00:00:00.000Z,252,1787,1592,812,300,646,182,46,3047,0.5864785034460125,5782,66074,4618,1198,1650,238,5867,140
2020-10-02T00:00:00.000Z,220,1785,1616,847,295,623,193,25,3047,0.585822120118149,4620,67027,5009,1214,1675,250,5982,125
2020-10-03T00:00:00.000Z,184,1760,1677,843,329,576,206,37,3047,0.5776173285198556,4016,66009,4982,1238,1712,260,6082,101
2020-10-04T00:00:00.000Z,257,1907,1672,897,355,633,209,37,3047,0.6258615031178208,5635,60994,4679,1256,1749,264,6236,163
2020-10-05T00:00:00.000Z,211,1863,1681,870,338,627,209,27,3047,0.6114210699048244,5184,59715,4587,1274,1776,270,6366,117
2020-10-06T00:00:00.000Z,215,1866,1618,853,353,623,208,45,3047,0.6124056448966196,5320,57737,4771,1291,1821,271,6474,104
2020-10-07T00:00:00.000Z,211,1807,1641,848,331,605,217,26,3047,0.5930423367246472,5362,56622,5027,1316,1847,281,6594,112
2020-10-08T00:00:00.000Z,179,1775,1540,840,338,580,218,47,3047,0.5825402034788316,5532,55225,5365,1341,1894,283,6716,121
2020-10-09T00:00:00.000Z,181,1681,1545,832,294,528,218,40,3047,0.5516901870692484,5091,52673,5669,1354,1934,271,6803,86
2020-10-10T00:00:00.000Z,149,1663,1596,812,296,529,218,35,3047,0.5457827371184772,4445,49933,5389,1373,1969,277,6881,71
2020-10-11T00:00:00.000Z,243,1797,1571,810,322,640,216,46,3047,0.5897604200853298,6337,44265,5007,1396,2015,276,7003,124
2020-10-12T00:00:00.000Z,187,1725,1514,801,307,606,211,30,3047,0.5661306202822448,5332,42221,4654,1414,2045,275,7096,88
2020-10-13T00:00:00.000Z,132,1612,1422,764,276,560,224,38,3047,0.5290449622579586,4708,38764,4681,1432,2083,285,7176,81
2020-10-14T00:00:00.000Z,150,1538,1347,726,252,550,215,35,3047,0.5047587791270102,4944,35374,4323,1443,2118,268,7259,83
2020-10-15T00:00:00.000Z,146,1468,1273,700,240,507,204,31,3047,0.4817853626517886,5400,31781,4073,1454,2149,267,7333,77
2020-10-16T00:00:00.000Z,105,1351,1237,658,226,447,218,36,3047,0.4433869379717755,4409,30195,3620,1471,2185,262,7390,57
2020-10-17T00:00:00.000Z,71,1284,1239,647,189,437,220,32,3047,0.4213980964883492,3956,28322,3337,1479,2217,257,7438,48
2020-10-18T00:00:00.000Z,134,1333,1167,659,218,415,224,33,3047,0.4374794880210043,6466,24659,2974,1511,2250,240,7529,107
2020-10-19T00:00:00.000Z,125,1268,1138,642,192,400,226,31,3047,0.4161470298654414,5422,24428,2334,1524,2281,257,7608,75
2020-10-20T00:00:00.000Z,106,1223,1106,626,180,384,226,20,3047,0.4013784049885133,5282,24049,2086,1538,2301,265,7671,57
2020-10-21T00:00:00.000Z,95,1187,1070,605,182,371,224,25,3047,0.3895635050869708,5236,22076,2056,1555,2326,258,7732,59
2020-10-22T00:00:00.000Z,77,1117,1001,588,176,330,213,29,3047,0.3665900886117492,5545,20455,1579,1562,2355,244,7787,54
2020-10-23T00:00:00.000Z,80,1058,983,560,167,311,208,26,3047,0.3472267804397768,4487,20399,0,1577,2381,235,7827,39
2020-10-24T00:00:00.000Z,85,1038,1018,539,157,309,202,27,3047,0.3406629471611421,4169,19262,0,1592,2408,232,7872,43
2020-10-25T00:00:00.000Z,79,1060,937,510,164,352,188,35,3047,0.3478831637676403,5821,16294,894,1603,2443,236,7916,46
2020-10-26T00:00:00.000Z,75,981,871,492,144,318,199,28,3047,0.3219560223170331,5486,15998,797,1611,2471,227,7961,53
2020-10-27T00:00:00.000Z,71,912,835,476,143,270,191,28,3047,0.2993107975057434,5505,16070,648,1622,2499,214,8005,45
2020-10-28T00:00:00.000Z,67,892,815,463,139,273,188,10,3047,0.2927469642271086,5516,15485,658,1627,2509,207,8041,39
2020-10-29T00:00:00.000Z,53,854,744,447,124,261,185,19,3047,0.2802756809977027,5602,14844,542,1636,2528,202,8068,30
2020-10-30T00:00:00.000Z,52,783,721,429,110,222,183,12,3047,0.2569740728585494,1099,14535,471,1639,2540,197,8087,25
2020-10-31T00:00:00.000Z,53,753,744,410,110,226,171,25,3047,0.2471283229405973,692,13970,415,1643,2565,184,8113,28
2020-11-01T00:00:00.000Z,65,792,705,397,129,243,167,19,3047,0.259927797833935,5622,13157,372,1650,2584,186,8152,40
2020-11-02T00:00:00.000Z,54,749,692,400,107,218,169,15,3047,0.2458155562848704,5446,13074,320,1657,2599,198,8193,45
2020-11-03T00:00:00.000Z,62,722,654,381,110,215,163,26,3047,0.2369543813587135,5362,13220,293,1667,2625,187,8231,43
2020-11-04T00:00:00.000Z,58,697,640,354,110,211,150,16,3047,0.2287495897604201,4854,13357,286,1673,2641,179,8255,22
2020-11-05T00:00:00.000Z,61,691,624,333,112,231,151,14,3047,0.2267804397768297,5150,13077,289,1679,2655,175,8272,18
2020-11-06T00:00:00.000Z,55,663,622,318,108,227,133,16,3047,0.2175910731867411,4261,12905,239,1682,2671,156,8298,26
2020-11-07T00:00:00.000Z,33,649,628,325,102,211,141,8,3047,0.2129963898916968,3958,12439,215,1687,2679,157,8322,27
2020-11-08T00:00:00.000Z,59,685,638,336,106,225,141,7,3047,0.2248112897932393,6109,12284,203,1692,2686,165,8355,35
2020-11-09T00:00:00.000Z,57,687,634,332,103,237,136,6,3047,0.2254676731211027,5525,12123,151,1694,2692,161,8376,25
2020-11-10T00:00:00.000Z,45,673,603,307,113,240,131,10,3047,0.2208729898260584,5381,12479,154,1696,2702,150,8394,22
2020-11-11T00:00:00.000Z,53,649,587,308,111,211,135,7,3047,0.2129963898916968,5446,12151,156,1708,2709,152,8432,35
2020-11-12T00:00:00.000Z,56,632,573,302,108,202,129,12,3047,0.2074171316048572,5753,11781,149,1716,2721,142,8465,31
2020-11-13T00:00:00.000Z,44,611,585,291,111,199,122,5,3047,0.2005251066622908,5134,11787,148,1720,2726,140,8494,25
2020-11-14T00:00:00.000Z,55,628,610,291,114,215,122,12,3047,0.2061043649491303,4727,11617,146,1724,2738,139,8513,23
2020-11-15T00:00:00.000Z,70,674,601,307,112,240,123,9,3047,0.2212011814899902,6666,11261,147,1727,2747,144,8546,38
2020-11-16T00:00:00.000Z,65,660,602,318,92,231,115,8,3047,0.2166064981949459,6090,11480,124,1732,2755,137,8587,39
2020-11-17T00:00:00.000Z,55,642,584,318,95,217,123,12,3047,0.2106990482441746,6333,11713,142,1739,2767,137,8616,35
2020-11-18T00:00:00.000Z,60,637,591,315,91,213,122,7,3047,0.2090580899245159,6107,11681,148,1747,2774,139,8649,30
2020-11-19T00:00:00.000Z,78,661,599,321,88,229,120,8,3047,0.2169346898588776,6632,11676,151,1753,2782,137,8683,31
2020-11-20T00:00:00.000Z,55,648,614,316,83,222,120,6,3047,0.212668198227765,4905,11746,151,1757,2788,142,8707,21
2020-11-21T00:00:00.000Z,46,645,617,310,95,228,113,12,3047,0.2116836232359698,4335,11694,159,1762,2800,134,8737,26
2020-11-22T00:00:00.000Z,52,656,579,306,97,235,113,16,3047,0.2152937315392189,6867,11474,150,1765,2816,130,8768,34
2020-11-23T00:00:00.000Z,63,634,561,289,92,238,110,7,3047,0.2080735149327207,6442,11799,139,1768,2823,123,8797,34
2020-11-24T00:00:00.000Z,49,608,542,281,86,219,108,6,3047,0.1995405316704956,6153,12126,134,1772,2829,126,8826,24
2020-11-25T00:00:00.000Z,81,620,573,292,81,228,108,5,3047,0.2034788316376764,4618,12288,163,1775,2834,121,8857,34
2020-11-26T00:00:00.000Z,67,628,559,282,83,233,109,9,3047,0.2061043649491303,4893,12476,131,1782,2843,115,8883,30
2020-11-27T00:00:00.000Z,37,586,543,279,74,219,107,6,3047,0.1923203150639974,4726,12808,142,1789,2849,115,8916,31
2020-11-28T00:00:00.000Z,48,586,564,268,83,220,99,10,3047,0.1923203150639974,4434,12929,148,1790,2859,108,8931,16
2020-11-29T00:00:00.000Z,84,641,561,275,86,257,95,10,3047,0.2103708565802429,6905,12826,154,1791,2869,106,8965,37
2020-11-30T00:00:00.000Z,98,649,571,272,85,262,88,7,3047,0.2129963898916968,6253,13327,148,1793,2876,105,9004,34
2020-12-01T00:00:00.000Z,92,652,587,277,87,265,81,10,3047,0.213980964883492,6506,13781,163,1796,2886,99,9054,52
2020-12-02T00:00:00.000Z,82,662,600,291,104,251,85,5,3047,0.2172628815228093,6181,14504,162,1804,2891,100,9103,49
2020-12-03T00:00:00.000Z,92,678,602,307,99,246,83,10,3047,0.2225139481457171,6392,14482,182,1812,2901,106,9162,52
2020-12-04T00:00:00.000Z,100,698,626,324,94,257,93,10,3047,0.2290777814243518,5318,15076,199,1822,2911,114,9207,46
2020-12-05T00:00:00.000Z,79,696,660,331,89,258,86,10,3047,0.2284213980964883,4540,15427,203,1824,2921,108,9244,39
2020-12-06T00:00:00.000Z,83,732,639,343,88,279,83,8,3047,0.2402362979980308,6940,15388,205,1829,2929,115,9290,43
2020-12-07T00:00:00.000Z,89,725,647,335,102,268,84,7,3047,0.2379389563505087,6419,16333,189,1832,2936,113,9331,43
2020-12-08T00:00:00.000Z,96,729,652,326,116,265,89,12,3047,0.2392517230062357,6183,17155,217,1843,2948,116,9368,32
2020-12-09T00:00:00.000Z,104,741,660,322,115,285,90,15,3047,0.2431900229734165,6125,17916,258,1852,2963,112,9408,40
2020-12-10T00:00:00.000Z,108,759,670,319,128,285,94,12,3047,0.2490974729241877,6428,18455,254,1863,2975,110,9449,42
2020-12-11T00:00:00.000Z,107,767,704,338,110,295,98,12,3047,0.2517230062356416,5141,19076,268,1870,2987,113,9504,55
2020-12-12T00:00:00.000Z,87,775,739,343,124,292,101,16,3047,0.2543485395470955,4486,19375,289,1877,3003,119,9548,46
2020-12-13T00:00:00.000Z,128,860,772,378,137,316,99,9,3047,0.2822448309812931,6992,19126,300,1887,3012,116,9618,70
2020-12-14T00:00:00.000Z,140,901,795,386,153,315,95,11,3047,0.2957006892024943,6590,20088,346,1893,3023,120,9679,57
2020-12-15T00:00:00.000Z,134,918,815,388,170,328,98,12,3047,0.3012799474893338,6032,21683,397,1906,3035,118,9744,59
2020-12-16T00:00:00.000Z,122,924,831,403,177,309,101,14,3047,0.3032490974729242,5646,22807,461,1916,3049,126,9809,64
2020-12-17T00:00:00.000Z,142,965,877,429,159,321,104,17,3047,0.3167049556941254,5900,23594,489,1925,3066,129,9885,78
2020-12-18T00:00:00.000Z,129,983,887,451,148,354,103,16,3047,0.3226124056448966,5128,24737,541,1933,3082,130,9951,69
2020-12-19T00:00:00.000Z,131,998,947,467,148,352,112,19,3047,0.3275352806038727,4713,25420,570,1948,3101,146,10023,68
2020-12-20T00:00:00.000Z,151,1091,972,471,186,393,108,19,3047,0.3580571053495241,7157,25887,555,1957,3120,148,10092,69
2020-12-21T00:00:00.000Z,143,1115,1005,489,201,384,106,16,3047,0.3659337052838858,6374,28117,548,1966,3136,154,10169,78
2020-12-22T00:00:00.000Z,175,1162,1044,510,177,425,111,13,3047,0.3813587134886774,5896,30755,600,1980,3149,147,10259,90
2020-12-23T00:00:00.000Z,161,1204,1075,513,205,427,115,25,3047,0.3951427633738103,5726,32597,693,1993,3174,147,10345,80
2020-12-24T00:00:00.000Z,152,1218,1089,532,214,427,124,15,3047,0.3997374466688546,5775,33682,735,2007,3189,154,10435,88
2020-12-25T00:00:00.000Z,194,1243,1150,557,199,419,136,20,3047,0.407942238267148,5012,35166,758,2028,3209,175,10541,92
2020-12-26T00:00:00.000Z,150,1279,1221,578,206,449,131,23,3047,0.4197571381686905,4391,35934,720,2038,3232,169,10630,88
2020-12-27T00:00:00.000Z,196,1401,1222,614,242,469,148,21,3047,0.4597965211683623,6569,35239,671,2058,3253,187,10729,106
2020-12-28T00:00:00.000Z,184,1372,1202,617,210,481,147,33,3047,0.450278962914342,5919,38264,652,2072,3286,188,10837,101
2020-12-29T00:00:00.000Z,198,1390,1242,639,198,501,159,26,3047,0.4561864128651132,5866,41369,706,2095,3312,203,10945,106
2020-12-30T00:00:00.000Z,185,1413,1274,662,209,488,157,15,3047,0.4637348211355432,5936,43408,737,2109,3327,207,11059,111
2020-12-31T00:00:00.000Z,221,1456,1308,706,197,488,169,36,3047,0.4778470626846078,5789,44909,745,2131,3363,219,11184,122
2021-01-01T00:00:00.000Z,219,1493,1388,732,200,516,162,36,3047,0.489990154250082,5344,47297,761,2146,3399,226,11312,118
2021-01-02T00:00:00.000Z,167,1509,1441,746,226,512,175,27,3047,0.4952412208729898,4783,49274,856,2167,3426,222,11402,88
2021-01-03T00:00:00.000Z,278,1719,1512,803,267,598,194,24,3047,0.5641614702986544,7009,48773,869,2195,3450,259,11541,133
2021-01-04T00:00:00.000Z,264,1746,1558,832,279,569,199,38,3047,0.5730226452248113,6210,54040,803,2215,3488,262,11683,145
2021-01-05T00:00:00.000Z,274,1813,1610,878,275,608,214,24,3047,0.5950114867082376,6129,59026,983,2238,3512,279,11848,158
2021-01-06T00:00:00.000Z,271,1856,1670,925,265,597,218,44,3047,0.6091237282573022,5934,61735,1214,2263,3556,280,12014,162
2021-01-07T00:00:00.000Z,264,1884,1691,932,280,617,221,48,3047,0.6183130948473908,6129,63349,1256,2290,3604,283,12170,150
2021-01-08T00:00:00.000Z,259,1968,1823,949,294,638,219,46,3047,0.6458811946176567,4958,66295,1393,2305,3650,297,12313,129
2021-01-09T00:00:00.000Z,227,1984,1902,1005,291,620,231,21,3047,0.6511322612405644,4737,68168,1459,2328,3671,294,12449,146
2021-01-10T00:00:00.000Z,316,2165,1906,1082,328,658,239,43,3047,0.7105349524122088,7228,66622,1435,2349,3714,307,12604,170
2021-01-11T00:00:00.000Z,287,2167,1937,1091,321,665,259,30,3047,0.7111913357400722,6909,71312,1499,2373,3744,320,12780,178
2021-01-12T00:00:00.000Z,271,2176,1961,1091,323,676,253,57,3047,0.7141450607154578,6643,75848,1562,2394,3801,321,12947,163
2021-01-13T00:00:00.000Z,281,2173,1984,1108,344,639,263,56,3047,0.7131604857236626,6436,76628,2090,2427,3857,324,13127,179
2021-01-14T00:00:00.000Z,285,2188,1964,1149,336,633,265,59,3047,0.7180833606826387,6395,76681,1988,2453,3916,335,13301,187
2021-01-15T00:00:00.000Z,285,2206,2035,1178,303,667,265,51,3047,0.7239908106334099,4005,77240,1650,2477,3967,335,13459,167
2021-01-16T00:00:00.000Z,233,2251,2154,1200,303,698,266,48,3047,0.7387594355103381,3627,77996,1511,2502,4015,325,13597,134
2021-01-17T00:00:00.000Z,345,2432,2111,1204,364,767,275,56,3047,0.7981621266819823,6657,72506,1606,2526,4071,347,13796,184
2021-01-18T00:00:00.000Z,271,2347,2065,1194,345,738,274,48,3047,0.7702658352477847,5901,76413,1588,2555,4119,351,13960,161
2021-01-19T00:00:00.000Z,280,2305,2045,1201,337,670,291,46,3047,0.7564817853626518,5692,79527,1532,2590,4165,369,14140,184
2021-01-20T00:00:00.000Z,260,2242,2006,1185,335,646,295,53,3047,0.7358057105349524,5372,78923,1641,2617,4218,376,14294,140
2021-01-21T00:00:00.000Z,261,2200,1930,1176,331,623,308,49,3047,0.7220216606498195,5979,76129,1630,2644,4267,396,14453,161
2021-01-22T00:00:00.000Z,255,2133,1956,1172,313,605,317,63,3047,0.7000328191663931,5128,74904,1577,2670,4330,406,14611,150
2021-01-23T00:00:00.000Z,219,2093,1989,1191,296,561,304,53,3047,0.6869051526091238,4603,73140,1487,2693,4383,413,14776,149
2021-01-24T00:00:00.000Z,283,2215,1947,1195,327,642,325,76,3047,0.7269445356087956,6754,67539,1465,2728,4459,404,14942,159
2021-01-25T00:00:00.000Z,248,2158,1895,1205,308,595,233,66,3047,0.7082376107646866,6178,70667,1366,2748,4525,400,15130,185
2021-01-26T00:00:00.000Z,260,2086,1860,1208,269,561,306,51,3047,0.6846078109616016,5891,73254,1402,2777,4576,411,15314,167
2021-01-27T00:00:00.000Z,233,2033,1829,1171,271,534,302,63,3047,0.6672136527732195,5885,73389,1451,2803,4639,404,15463,141
2021-01-28T00:00:00.000Z,231,2026,1831,1191,254,529,323,48,3047,0.6649163111256974,6065,71290,1348,2831,4687,411,15611,151
2021-01-29T00:00:00.000Z,202,1991,1830,1163,248,527,319,42,3047,0.6534296028880866,4561,70427,1329,2855,4729,423,15735,115
2021-01-30T00:00:00.000Z,163,1942,1868,1158,229,511,300,38,3047,0.6373482113554316,4231,69417,1285,2868,4767,392,15838,105
2021-01-31T00:00:00.000Z,252,2075,1826,1152,269,569,301,48,3047,0.6809977026583525,6878,64505,1180,2884,4815,399,15976,140
2021-02-01T00:00:00.000Z,259,2059,1841,1147,274,564,314,43,3047,0.6757466360354447,6291,68222,1079,2910,4858,404,16123,160
2021-02-02T00:00:00.000Z,232,2042,1809,1124,319,514,317,54,3047,0.6701673777486051,6385,71571,1178,2942,4912,419,16287,155
2021-02-03T00:00:00.000Z,111,1737,1731,1085,248,337,321,36,3047,0.5700689202494257,5633,71613,1271,2968,4948,391,16418,155
