day_date,age_group,serious_amount_vaccinated,serious_amount_expired,serious_amount_not_vaccinated,new_serious_amount_vaccinated,new_serious_amount_expired,new_serious_amount_not_vaccinated,serious_vaccinated_normalized,serious_expired_normalized,serious_not_vaccinated_normalized,new_serious_vaccinated_normalized,new_serious_expired_normalized,new_serious_not_vaccinated_normalized
2021-01-17T00:00:00.000Z,מתחת לגיל 60,0,0,248,0,0,36,0,0,3.7,0,0,0.5
2021-01-17T00:00:00.000Z,מעל גיל 60,0,0,555,0,0,58,0,0,117.4,0,0,12.3
2021-01-17T00:00:00.000Z,כלל האוכלוסיה,0,0,804,0,0,94,0,0,11.3,0,0,1.3
2021-01-18T00:00:00.000Z,כלל האוכלוסיה,1,0,792,1,0,99,2.2,0,11.2,2.2,0,1.4
2021-01-18T00:00:00.000Z,מעל גיל 60,1,0,557,1,0,66,5,0,119.5,5,0,14.2
2021-01-18T00:00:00.000Z,מתחת לגיל 60,0,0,234,0,0,33,0,0,3.5,0,0,0.5
2021-01-19T00:00:00.000Z,מעל גיל 60,1,0,555,0,0,72,2.3,0,120.8,0,0,15.7
2021-01-19T00:00:00.000Z,מתחת לגיל 60,0,0,224,0,0,35,0,0,3.4,0,0,0.5
2021-01-19T00:00:00.000Z,כלל האוכלוסיה,1,0,780,0,0,107,1.2,0,11.2,0,0,1.5
2021-01-20T00:00:00.000Z,כלל האוכלוסיה,2,0,767,1,0,92,1.4,0,11.1,0.7,0,1.3
2021-01-20T00:00:00.000Z,מעל גיל 60,2,0,541,1,0,62,2.4,0,119.4,1.2,0,13.7
2021-01-20T00:00:00.000Z,מתחת לגיל 60,0,0,225,0,0,30,0,0,3.5,0,0,0.5
2021-01-21T00:00:00.000Z,מעל גיל 60,4,0,512,2,0,54,2.9,0,114.7,1.5,0,12.1
2021-01-21T00:00:00.000Z,מתחת לגיל 60,1,0,228,1,0,38,1.4,0,3.6,1.4,0,0.6
2021-01-21T00:00:00.000Z,כלל האוכלוסיה,5,0,741,3,0,92,2.4,0,10.8,1.4,0,1.3
2021-01-22T00:00:00.000Z,כלל האוכלוסיה,6,0,728,1,0,83,2.4,0,10.7,0.4,0,1.2
2021-01-22T00:00:00.000Z,מעל גיל 60,5,0,493,1,0,49,3,0,111.4,0.6,0,11.1
2021-01-22T00:00:00.000Z,מתחת לגיל 60,1,0,234,0,0,34,1.2,0,3.7,0,0,0.5
2021-01-23T00:00:00.000Z,מתחת לגיל 60,1,0,242,0,0,30,1.2,0,3.8,0,0,0.5
2021-01-23T00:00:00.000Z,כלל האוכלוסיה,7,0,737,2,0,76,2.6,0,10.9,0.7,0,1.1
2021-01-23T00:00:00.000Z,מעל גיל 60,6,0,494,2,0,46,3.2,0,112.3,1.1,0,10.5
2021-01-24T00:00:00.000Z,מעל גיל 60,6,0,490,2,0,49,2.4,0,113.1,0.8,0,11.3
2021-01-24T00:00:00.000Z,מתחת לגיל 60,2,0,253,0,0,40,1.9,0,4,0,0,0.6
2021-01-24T00:00:00.000Z,כלל האוכלוסיה,8,0,744,2,0,89,2.2,0,11.1,0.6,0,1.3
2021-01-25T00:00:00.000Z,כלל האוכלוסיה,7,0,720,1,0,109,1.5,0,10.9,0.2,0,1.6
2021-01-25T00:00:00.000Z,מתחת לגיל 60,2,0,236,0,0,36,1.4,0,3.8,0,0,0.6
2021-01-25T00:00:00.000Z,מעל גיל 60,5,0,482,1,0,72,1.5,0,113.1,0.3,0,16.9
2021-01-26T00:00:00.000Z,מתחת לגיל 60,2,0,258,0,0,49,1,0,4.2,0,0,0.8
2021-01-26T00:00:00.000Z,מעל גיל 60,7,0,474,3,0,50,1.7,0,112.9,0.7,0,11.9
2021-01-26T00:00:00.000Z,כלל האוכלוסיה,9,0,734,3,0,99,1.5,0,11.2,0.5,0,1.5
2021-01-27T00:00:00.000Z,מעל גיל 60,8,0,464,2,0,53,1.6,0,112.1,0.4,0,12.8
2021-01-27T00:00:00.000Z,כלל האוכלוסיה,11,0,732,3,0,91,1.4,0,11.3,0.4,0,1.4
2021-01-27T00:00:00.000Z,מתחת לגיל 60,3,0,266,1,0,38,1.2,0,4.4,0.4,0,0.6
2021-01-28T00:00:00.000Z,מתחת לגיל 60,3,0,278,1,0,45,0.9,0,4.7,0.3,0,0.8
2021-01-28T00:00:00.000Z,מעל גיל 60,11,0,468,4,0,53,1.8,0,114.5,0.7,0,13
2021-01-28T00:00:00.000Z,כלל האוכלוסיה,14,0,746,5,0,98,1.5,0,11.7,0.5,0,1.5
2021-01-29T00:00:00.000Z,כלל האוכלוסיה,18,0,729,7,0,77,1.8,0,11.5,0.7,0,1.2
2021-01-29T00:00:00.000Z,מעל גיל 60,15,0,450,7,0,45,2.3,0,110.7,1.1,0,11.1
2021-01-29T00:00:00.000Z,מתחת לגיל 60,3,0,279,0,0,32,0.8,0,4.7,0,0,0.5
2021-01-30T00:00:00.000Z,מעל גיל 60,24,0,446,10,0,33,3.6,0,110.1,1.5,0,8.1
2021-01-30T00:00:00.000Z,כלל האוכלוסיה,28,0,724,11,0,60,2.7,0,11.5,1,0,1
2021-01-30T00:00:00.000Z,מתחת לגיל 60,4,0,278,1,0,27,1.1,0,4.7,0.3,0,0.5
2021-01-31T00:00:00.000Z,כלל האוכלוסיה,34,0,729,8,0,89,2.9,0,11.7,0.7,0,1.4
2021-01-31T00:00:00.000Z,מתחת לגיל 60,4,0,293,0,0,43,0.9,0,5,0,0,0.7
2021-01-31T00:00:00.000Z,מעל גיל 60,30,0,436,8,0,46,4,0,109.1,1.1,0,11.5
2021-02-01T00:00:00.000Z,כלל האוכלוסיה,43,0,724,14,0,91,3.2,0,11.8,1.1,0,1.5
2021-02-01T00:00:00.000Z,מתחת לגיל 60,5,0,274,1,0,25,1,0,4.8,0.2,0,0.4
2021-02-01T00:00:00.000Z,מעל גיל 60,38,0,449,13,0,65,4.7,0,114,1.6,0,16.5
2021-02-02T00:00:00.000Z,מעל גיל 60,43,0,427,13,0,44,4.9,0,110,1.5,0,11.3
2021-02-02T00:00:00.000Z,כלל האוכלוסיה,49,0,705,15,0,90,3.4,0,11.6,1,0,1.5
2021-02-02T00:00:00.000Z,מתחת לגיל 60,6,0,276,2,0,45,1,0,4.8,0.3,0,0.8
2021-02-03T00:00:00.000Z,כלל האוכלוסיה,52,0,733,17,0,117,3.3,0,12.2,1.1,0,1.9
2021-02-03T00:00:00.000Z,מתחת לגיל 60,5,0,292,0,0,54,0.8,0,5.2,0,0,1
2021-02-03T00:00:00.000Z,מעל גיל 60,47,0,440,17,0,63,5.1,0,114.9,1.8,0,16.4
2021-02-04T00:00:00.000Z,מעל גיל 60,61,0,435,22,0,52,6.2,0,114.8,2.2,0,13.7
2021-02-04T00:00:00.000Z,כלל האוכלוסיה,66,0,732,23,0,97,3.9,0,12.3,1.3,0,1.6
2021-02-04T00:00:00.000Z,מתחת לגיל 60,5,0,296,1,0,45,0.7,0,5.3,0.1,0,0.8
2021-02-05T00:00:00.000Z,מעל גיל 60,58,0,427,12,0,45,5.8,0,113.3,1.2,0,11.9
2021-02-05T00:00:00.000Z,מתחת לגיל 60,6,0,316,1,0,48,0.8,0,5.7,0.1,0,0.9
2021-02-05T00:00:00.000Z,כלל האוכלוסיה,64,0,744,13,0,93,3.6,0,12.6,0.7,0,1.6
2021-02-06T00:00:00.000Z,מעל גיל 60,56,0,447,8,0,49,5.5,0,119,0.8,0,13
2021-02-06T00:00:00.000Z,כלל האוכלוסיה,63,0,768,9,0,79,3.5,0,13,0.5,0,1.3
2021-02-06T00:00:00.000Z,מתחת לגיל 60,7,0,320,1,0,30,0.9,0,5.8,0.1,0,0.5
2021-02-07T00:00:00.000Z,מעל גיל 60,58,0,457,10,0,58,5.6,0,122.9,1,0,15.6
2021-02-07T00:00:00.000Z,מתחת לגיל 60,7,0,330,2,0,43,0.8,0,6,0.2,0,0.8
2021-02-07T00:00:00.000Z,כלל האוכלוסיה,65,0,788,12,0,101,3.5,0,13.5,0.6,0,1.7
2021-02-08T00:00:00.000Z,מעל גיל 60,64,0,449,14,0,66,6.1,0,122,1.3,0,17.9
2021-02-08T00:00:00.000Z,מתחת לגיל 60,9,0,318,3,0,39,1,0,5.9,0.3,0,0.7
2021-02-08T00:00:00.000Z,כלל האוכלוסיה,73,0,769,17,0,106,3.8,0,13.3,0.9,0,1.8
2021-02-09T00:00:00.000Z,מתחת לגיל 60,8,0,314,0,0,41,0.9,0,5.9,0,0,0.8
2021-02-09T00:00:00.000Z,כלל האוכלוסיה,69,0,744,9,0,83,3.5,0,13,0.5,0,1.5
2021-02-09T00:00:00.000Z,מעל גיל 60,61,0,427,9,0,41,5.8,0,117.5,0.9,0,11.3
2021-02-10T00:00:00.000Z,כלל האוכלוסיה,65,0,752,10,0,110,3.2,0,13.3,0.5,0,1.9
2021-02-10T00:00:00.000Z,מעל גיל 60,58,0,436,10,0,59,5.4,0,121.6,0.9,0,16.4
2021-02-10T00:00:00.000Z,מתחת לגיל 60,7,0,313,0,0,51,0.7,0,5.9,0,0,1
2021-02-11T00:00:00.000Z,מתחת לגיל 60,6,0,324,0,0,46,0.6,0,6.2,0,0,0.9
2021-02-11T00:00:00.000Z,כלל האוכלוסיה,57,0,734,8,0,84,2.8,0,13.2,0.4,0,1.5
2021-02-11T00:00:00.000Z,מעל גיל 60,51,0,408,8,0,37,4.7,0,115.4,0.7,0,10.5
2021-02-12T00:00:00.000Z,כלל האוכלוסיה,51,0,707,6,0,62,2.4,0,12.8,0.3,0,1.1
2021-02-12T00:00:00.000Z,מעל גיל 60,46,0,398,6,0,42,4.2,0,113.4,0.6,0,12
2021-02-12T00:00:00.000Z,מתחת לגיל 60,5,0,308,0,0,20,0.5,0,6,0,0,0.4
2021-02-13T00:00:00.000Z,מתחת לגיל 60,5,0,312,1,0,42,0.5,0,6.1,0.1,0,0.8
2021-02-13T00:00:00.000Z,כלל האוכלוסיה,43,0,718,2,0,96,2,0,13.1,0.1,0,1.7
2021-02-13T00:00:00.000Z,מעל גיל 60,38,0,405,1,0,54,3.5,0,115.9,0.1,0,15.5
2021-02-14T00:00:00.000Z,כלל האוכלוסיה,51,0,745,14,0,102,2.3,0,13.7,0.6,0,1.9
2021-02-14T00:00:00.000Z,מתחת לגיל 60,5,0,330,1,0,48,0.5,0,6.5,0.1,0,0.9
2021-02-14T00:00:00.000Z,מעל גיל 60,46,0,413,13,0,53,4.2,0,120.2,1.2,0,15.4
2021-02-15T00:00:00.000Z,כלל האוכלוסיה,56,0,740,9,0,101,2.5,0,13.9,0.4,0,1.9
2021-02-15T00:00:00.000Z,מעל גיל 60,49,0,414,7,0,57,4.5,0,122.8,0.6,0,16.9
2021-02-15T00:00:00.000Z,מתחת לגיל 60,7,0,324,2,0,44,0.6,0,6.5,0.2,0,0.9
2021-02-16T00:00:00.000Z,מעל גיל 60,45,0,387,5,0,37,4.1,0,117.1,0.5,0,11.2
2021-02-16T00:00:00.000Z,כלל האוכלוסיה,50,0,707,5,0,73,2.2,0,13.4,0.2,0,1.4
2021-02-16T00:00:00.000Z,מתחת לגיל 60,5,0,319,0,0,36,0.4,0,6.5,0,0,0.7
2021-02-17T00:00:00.000Z,מעל גיל 60,43,0,382,8,0,38,3.9,0,116.9,0.7,0,11.6
2021-02-17T00:00:00.000Z,כלל האוכלוסיה,49,0,711,10,0,75,2,0,13.7,0.4,0,1.4
2021-02-17T00:00:00.000Z,מתחת לגיל 60,6,0,328,2,0,37,0.5,0,6.7,0.2,0,0.8
2021-02-18T00:00:00.000Z,כלל האוכלוסיה,46,0,675,6,0,63,1.9,0,13.2,0.2,0,1.2
2021-02-18T00:00:00.000Z,מעל גיל 60,39,0,360,5,0,31,3.5,0,111.6,0.4,0,9.6
2021-02-18T00:00:00.000Z,מתחת לגיל 60,7,0,314,1,0,32,0.5,0,6.5,0.1,0,0.7
2021-02-19T00:00:00.000Z,כלל האוכלוסיה,42,0,630,6,0,47,1.7,0,12.4,0.2,0,0.9
2021-02-19T00:00:00.000Z,מתחת לגיל 60,7,0,292,1,0,22,0.5,0,6.1,0.1,0,0.5
2021-02-19T00:00:00.000Z,מעל גיל 60,35,0,337,5,0,25,3.1,0,105.2,0.4,0,7.8
2021-02-20T00:00:00.000Z,מעל גיל 60,32,0,321,4,0,16,2.8,0,100.8,0.4,0,5
2021-02-20T00:00:00.000Z,כלל האוכלוסיה,41,0,631,6,0,55,1.6,0,12.5,0.2,0,1.1
2021-02-20T00:00:00.000Z,מתחת לגיל 60,9,0,309,2,0,39,0.6,0,6.5,0.1,0,0.8
2021-02-21T00:00:00.000Z,מעל גיל 60,35,0,316,7,0,33,3.1,0,101.3,0.6,0,10.6
2021-02-21T00:00:00.000Z,מתחת לגיל 60,8,0,309,2,0,33,0.5,0,6.6,0.1,0,0.7
2021-02-21T00:00:00.000Z,כלל האוכלוסיה,43,0,626,9,0,66,1.7,0,12.6,0.3,0,1.3
2021-02-22T00:00:00.000Z,מתחת לגיל 60,6,0,307,1,0,46,0.4,0,6.7,0.1,0,1
2021-02-22T00:00:00.000Z,כלל האוכלוסיה,40,0,631,8,0,90,1.5,0,12.9,0.3,0,1.8
2021-02-22T00:00:00.000Z,מעל גיל 60,34,0,323,7,0,44,3,0,106,0.6,0,14.4
2021-02-23T00:00:00.000Z,מתחת לגיל 60,6,0,301,1,0,41,0.4,0,6.7,0.1,0,0.9
2021-02-23T00:00:00.000Z,כלל האוכלוסיה,39,0,612,7,0,78,1.4,0,12.7,0.3,0,1.6
2021-02-23T00:00:00.000Z,מעל גיל 60,33,0,311,6,0,37,2.9,0,104.3,0.5,0,12.4
2021-02-24T00:00:00.000Z,כלל האוכלוסיה,39,0,605,6,0,78,1.4,0,12.7,0.2,0,1.6
2021-02-24T00:00:00.000Z,מתחת לגיל 60,7,0,302,2,0,40,0.4,0,6.8,0.1,0,0.9
2021-02-24T00:00:00.000Z,מעל גיל 60,32,0,303,4,0,38,2.8,0,103.4,0.3,0,13
2021-02-25T00:00:00.000Z,מתחת לגיל 60,7,0,293,0,0,36,0.4,0,6.6,0,0,0.8
2021-02-25T00:00:00.000Z,מעל גיל 60,29,0,299,6,0,45,2.5,0,103.7,0.5,0,15.6
2021-02-25T00:00:00.000Z,כלל האוכלוסיה,36,0,592,6,0,81,1.2,0,12.6,0.2,0,1.7
2021-02-26T00:00:00.000Z,כלל האוכלוסיה,37,0,580,5,0,66,1.3,0,12.4,0.2,0,1.4
2021-02-26T00:00:00.000Z,מתחת לגיל 60,7,0,294,0,0,34,0.4,0,6.7,0,0,0.8
2021-02-26T00:00:00.000Z,מעל גיל 60,30,0,286,5,0,32,2.6,0,99.9,0.4,0,11.2
2021-02-27T00:00:00.000Z,מעל גיל 60,37,0,284,10,0,27,3.2,0,99.7,0.9,0,9.5
2021-02-27T00:00:00.000Z,מתחת לגיל 60,6,0,285,0,0,22,0.3,0,6.5,0,0,0.5
2021-02-27T00:00:00.000Z,כלל האוכלוסיה,43,0,570,10,0,50,1.4,0,12.2,0.3,0,1.1
2021-02-28T00:00:00.000Z,מתחת לגיל 60,6,0,285,0,0,32,0.3,0,6.6,0,0,0.7
2021-02-28T00:00:00.000Z,מעל גיל 60,39,0,287,4,0,36,3.3,0,102.2,0.3,0,12.8
2021-02-28T00:00:00.000Z,כלל האוכלוסיה,45,0,572,4,0,68,1.5,0,12.4,0.1,0,1.5
2021-03-01T00:00:00.000Z,מתחת לגיל 60,7,0,274,2,0,41,0.4,0,6.4,0.1,0,1
2021-03-01T00:00:00.000Z,כלל האוכלוסיה,43,0,563,5,0,88,1.4,0,12.3,0.2,0,1.9
2021-03-01T00:00:00.000Z,מעל גיל 60,36,0,288,3,0,46,3.1,0,104.3,0.3,0,16.7
2021-03-02T00:00:00.000Z,מתחת לגיל 60,5,0,257,0,0,28,0.2,0,6,0,0,0.7
2021-03-02T00:00:00.000Z,כלל האוכלוסיה,40,0,536,7,0,64,1.2,0,11.8,0.2,0,1.4
2021-03-02T00:00:00.000Z,מעל גיל 60,35,0,278,7,0,36,3,0,102.5,0.6,0,13.3
2021-03-03T00:00:00.000Z,כלל האוכלוסיה,42,0,539,9,0,73,1.3,0,12,0.3,0,1.6
2021-03-03T00:00:00.000Z,מתחת לגיל 60,7,0,249,3,0,28,0.3,0,5.9,0.1,0,0.7
2021-03-03T00:00:00.000Z,מעל גיל 60,35,0,290,6,0,45,3,0,109,0.5,0,16.9
2021-03-04T00:00:00.000Z,מתחת לגיל 60,9,0,245,2,0,29,0.4,0,5.9,0.1,0,0.7
2021-03-04T00:00:00.000Z,מעל גיל 60,38,0,283,6,0,32,3.2,0,108.1,0.5,0,12.2
2021-03-04T00:00:00.000Z,כלל האוכלוסיה,47,0,528,8,0,61,1.4,0,11.9,0.2,0,1.4
2021-03-05T00:00:00.000Z,מתחת לגיל 60,8,0,233,1,0,31,0.4,0,5.6,0,0,0.7
2021-03-05T00:00:00.000Z,מעל גיל 60,38,0,266,5,0,27,3.2,0,102.3,0.4,0,10.4
2021-03-05T00:00:00.000Z,כלל האוכלוסיה,46,0,499,6,0,58,1.4,0,11.3,0.2,0,1.3
2021-03-06T00:00:00.000Z,כלל האוכלוסיה,52,0,517,9,0,72,1.5,0,11.7,0.3,0,1.6
2021-03-06T00:00:00.000Z,מתחת לגיל 60,7,0,242,0,0,34,0.3,0,5.8,0,0,0.8
2021-03-06T00:00:00.000Z,מעל גיל 60,45,0,275,9,0,38,3.8,0,106.2,0.8,0,14.7
2021-03-07T00:00:00.000Z,כלל האוכלוסיה,53,0,537,5,0,57,1.5,0,12.2,0.1,0,1.3
2021-03-07T00:00:00.000Z,מתחת לגיל 60,7,0,253,1,0,35,0.3,0,6.1,0,0,0.8
2021-03-07T00:00:00.000Z,מעל גיל 60,46,0,284,4,0,22,3.8,0,111.3,0.3,0,8.6
2021-03-08T00:00:00.000Z,מתחת לגיל 60,8,0,250,1,0,37,0.3,0,6.1,0,0,0.9
2021-03-08T00:00:00.000Z,מעל גיל 60,46,0,264,6,0,32,3.8,0,104.8,0.5,0,12.7
2021-03-08T00:00:00.000Z,כלל האוכלוסיה,54,0,514,7,0,69,1.5,0,11.8,0.2,0,1.6
2021-03-09T00:00:00.000Z,מעל גיל 60,46,0,253,5,0,16,3.8,0,101.7,0.4,0,6.4
2021-03-09T00:00:00.000Z,כלל האוכלוסיה,54,0,497,5,0,36,1.5,0,11.5,0.1,0,0.8
2021-03-09T00:00:00.000Z,מתחת לגיל 60,8,0,244,0,0,20,0.3,0,6,0,0,0.5
2021-03-10T00:00:00.000Z,מתחת לגיל 60,7,0,231,0,0,27,0.3,0,5.7,0,0,0.7
2021-03-10T00:00:00.000Z,מעל גיל 60,48,0,254,8,0,31,4,0,103.1,0.7,0,12.6
2021-03-10T00:00:00.000Z,כלל האוכלוסיה,55,0,485,8,0,58,1.5,0,11.2,0.2,0,1.3
2021-03-11T00:00:00.000Z,כלל האוכלוסיה,51,0,475,4,0,49,1.4,0,11.1,0.1,0,1.1
2021-03-11T00:00:00.000Z,מתחת לגיל 60,6,0,230,0,0,24,0.2,0,5.7,0,0,0.6
2021-03-11T00:00:00.000Z,מעל גיל 60,45,0,245,4,0,25,3.7,0,100.4,0.3,0,10.2
2021-03-12T00:00:00.000Z,מתחת לגיל 60,9,0,222,4,0,23,0.3,0,5.5,0.2,0,0.6
2021-03-12T00:00:00.000Z,מעל גיל 60,44,0,230,5,0,22,3.6,0,94.7,0.4,0,9.1
2021-03-12T00:00:00.000Z,כלל האוכלוסיה,53,0,452,9,0,45,1.4,0,10.6,0.2,0,1.1
2021-03-13T00:00:00.000Z,מתחת לגיל 60,9,0,219,1,0,22,0.3,0,5.4,0,0,0.5
2021-03-13T00:00:00.000Z,מעל גיל 60,45,0,229,5,0,16,3.7,0,94.6,0.4,0,6.6
2021-03-13T00:00:00.000Z,כלל האוכלוסיה,54,0,448,6,0,38,1.4,0,10.5,0.2,0,0.9
2021-03-14T00:00:00.000Z,מעל גיל 60,44,0,229,4,0,28,3.6,0,95.4,0.3,0,11.7
2021-03-14T00:00:00.000Z,מתחת לגיל 60,8,0,236,0,0,34,0.3,0,5.9,0,0,0.8
2021-03-14T00:00:00.000Z,כלל האוכלוסיה,52,0,465,4,0,62,1.3,0,10.9,0.1,0,1.5
2021-03-15T00:00:00.000Z,מתחת לגיל 60,9,0,213,2,0,18,0.3,0,5.3,0.1,0,0.5
2021-03-15T00:00:00.000Z,מעל גיל 60,46,0,216,7,0,20,3.7,0,90.8,0.6,0,8.4
2021-03-15T00:00:00.000Z,כלל האוכלוסיה,55,0,429,9,0,38,1.4,0,10.1,0.2,0,0.9
2021-03-16T00:00:00.000Z,מתחת לגיל 60,7,0,219,0,0,29,0.2,0,5.5,0,0,0.7
2021-03-16T00:00:00.000Z,מעל גיל 60,43,0,213,4,0,19,3.4,0,90.2,0.3,0,8
2021-03-16T00:00:00.000Z,כלל האוכלוסיה,50,0,432,4,0,48,1.2,0,10.3,0.1,0,1.1
2021-03-17T00:00:00.000Z,מתחת לגיל 60,5,0,209,0,0,21,0.2,0,5.3,0,0,0.5
2021-03-17T00:00:00.000Z,מעל גיל 60,46,0,200,4,0,14,3.7,0,85.4,0.3,0,6
2021-03-17T00:00:00.000Z,כלל האוכלוסיה,51,0,409,4,0,35,1.2,0,9.8,0.1,0,0.8
2021-03-18T00:00:00.000Z,כלל האוכלוסיה,52,0,418,9,0,46,1.2,0,10,0.2,0,1.1
2021-03-18T00:00:00.000Z,מתחת לגיל 60,6,0,210,2,0,26,0.2,0,5.3,0.1,0,0.7
2021-03-18T00:00:00.000Z,מעל גיל 60,46,0,208,7,0,20,3.7,0,89.5,0.6,0,8.6
2021-03-19T00:00:00.000Z,מתחת לגיל 60,5,0,200,1,0,17,0.2,0,5.1,0,0,0.4
2021-03-19T00:00:00.000Z,מעל גיל 60,44,0,204,3,0,15,3.5,0,88,0.2,0,6.5
2021-03-19T00:00:00.000Z,כלל האוכלוסיה,49,0,404,4,0,32,1.2,0,9.7,0.1,0,0.8
2021-03-20T00:00:00.000Z,מעל גיל 60,41,0,205,1,0,17,3.2,0,88.7,0.1,0,7.4
2021-03-20T00:00:00.000Z,מתחת לגיל 60,7,0,189,2,0,15,0.2,0,4.8,0.1,0,0.4
2021-03-20T00:00:00.000Z,כלל האוכלוסיה,48,0,394,3,0,32,1.1,0,9.5,0.1,0,0.8
2021-03-21T00:00:00.000Z,מתחת לגיל 60,7,0,190,1,0,10,0.2,0,4.8,0,0,0.3
2021-03-21T00:00:00.000Z,מעל גיל 60,45,0,213,7,0,24,3.5,0,92.7,0.6,0,10.4
2021-03-21T00:00:00.000Z,כלל האוכלוסיה,52,0,403,8,0,34,1.2,0,9.7,0.2,0,0.8
2021-03-22T00:00:00.000Z,מתחת לגיל 60,5,0,180,0,0,11,0.2,0,4.6,0,0,0.3
2021-03-22T00:00:00.000Z,מעל גיל 60,40,0,197,3,0,14,3.1,0,86.3,0.2,0,6.1
2021-03-22T00:00:00.000Z,כלל האוכלוסיה,45,0,377,3,0,25,1,0,9.1,0.1,0,0.6
2021-03-23T00:00:00.000Z,מעל גיל 60,38,0,191,4,0,13,3,0,83.8,0.3,0,5.7
2021-03-23T00:00:00.000Z,מתחת לגיל 60,6,0,177,1,0,12,0.2,0,4.5,0,0,0.3
2021-03-23T00:00:00.000Z,כלל האוכלוסיה,44,0,368,5,0,25,1,0,8.9,0.1,0,0.6
2021-03-24T00:00:00.000Z,מתחת לגיל 60,5,0,169,0,0,10,0.2,0,4.3,0,0,0.3
2021-03-24T00:00:00.000Z,כלל האוכלוסיה,39,0,361,4,0,28,0.9,0,8.7,0.1,0,0.7
2021-03-24T00:00:00.000Z,מעל גיל 60,34,0,192,4,0,18,2.6,0,84.7,0.3,0,7.9
2021-03-25T00:00:00.000Z,כלל האוכלוסיה,38,0,364,4,0,34,0.8,0,8.8,0.1,0,0.8
2021-03-25T00:00:00.000Z,מעל גיל 60,32,0,197,2,0,20,2.5,0,87.4,0.2,0,8.9
2021-03-25T00:00:00.000Z,מתחת לגיל 60,6,0,167,2,0,14,0.2,0,4.3,0.1,0,0.4
2021-03-26T00:00:00.000Z,מתחת לגיל 60,5,0,152,0,0,9,0.1,0,3.9,0,0,0.2
2021-03-26T00:00:00.000Z,מעל גיל 60,34,0,190,3,0,12,2.6,0,84.5,0.2,0,5.3
2021-03-26T00:00:00.000Z,כלל האוכלוסיה,39,0,342,3,0,21,0.8,0,8.3,0.1,0,0.5
2021-03-27T00:00:00.000Z,מתחת לגיל 60,5,0,148,0,0,6,0.1,0,3.8,0,0,0.2
2021-03-27T00:00:00.000Z,כלל האוכלוסיה,37,0,332,0,0,15,0.8,0,8.1,0,0,0.4
2021-03-27T00:00:00.000Z,מעל גיל 60,32,0,184,0,0,9,2.5,0,81.9,0,0,4
2021-03-28T00:00:00.000Z,מעל גיל 60,33,0,182,3,0,10,2.5,0,81.1,0.2,0,4.5
2021-03-28T00:00:00.000Z,כלל האוכלוסיה,40,0,334,5,0,18,0.8,0,8.1,0.1,0,0.4
2021-03-28T00:00:00.000Z,מתחת לגיל 60,7,0,152,2,0,8,0.2,0,3.9,0.1,0,0.2
2021-03-29T00:00:00.000Z,מתחת לגיל 60,7,0,150,0,0,4,0.2,0,3.9,0,0,0.1
2021-03-29T00:00:00.000Z,כלל האוכלוסיה,42,0,327,3,0,13,0.9,0,8,0.1,0,0.3
2021-03-29T00:00:00.000Z,מעל גיל 60,35,0,177,3,0,9,2.7,0,79.3,0.2,0,4
2021-03-30T00:00:00.000Z,מתחת לגיל 60,6,0,142,0,0,7,0.2,0,3.7,0,0,0.2
2021-03-30T00:00:00.000Z,כלל האוכלוסיה,41,0,288,3,0,13,0.9,0,7,0.1,0,0.3
2021-03-30T00:00:00.000Z,מעל גיל 60,35,0,146,3,0,6,2.7,0,65.7,0.2,0,2.7
2021-03-31T00:00:00.000Z,מתחת לגיל 60,6,0,134,0,0,4,0.2,0,3.5,0,0,0.1
2021-03-31T00:00:00.000Z,כלל האוכלוסיה,41,0,280,3,0,17,0.8,0,6.9,0.1,0,0.4
2021-03-31T00:00:00.000Z,מעל גיל 60,35,0,146,3,0,13,2.7,0,66.1,0.2,0,5.9
2021-04-01T00:00:00.000Z,כלל האוכלוסיה,39,0,274,2,0,14,0.8,0,6.7,0,0,0.3
2021-04-01T00:00:00.000Z,מעל גיל 60,34,0,144,2,0,11,2.6,0,65.9,0.2,0,5
2021-04-01T00:00:00.000Z,מתחת לגיל 60,5,0,130,0,0,3,0.1,0,3.4,0,0,0.1
2021-04-02T00:00:00.000Z,מעל גיל 60,30,0,127,1,0,6,2.3,0,58.2,0.1,0,2.8
2021-04-02T00:00:00.000Z,מתחת לגיל 60,5,0,121,0,0,6,0.1,0,3.1,0,0,0.2
2021-04-02T00:00:00.000Z,כלל האוכלוסיה,35,0,248,1,0,12,0.7,0,6.1,0,0,0.3
2021-04-03T00:00:00.000Z,כלל האוכלוסיה,37,0,250,3,0,11,0.8,0,6.1,0.1,0,0.3
2021-04-03T00:00:00.000Z,מתחת לגיל 60,6,0,126,1,0,8,0.2,0,3.3,0,0,0.2
2021-04-03T00:00:00.000Z,מעל גיל 60,31,0,124,2,0,3,2.4,0,56.9,0.2,0,1.4
2021-04-04T00:00:00.000Z,כלל האוכלוסיה,32,0,250,3,0,13,0.7,0,6.2,0.1,0,0.3
2021-04-04T00:00:00.000Z,מעל גיל 60,26,0,123,3,0,7,2,0,56.8,0.2,0,3.2
2021-04-04T00:00:00.000Z,מתחת לגיל 60,6,0,127,0,0,6,0.2,0,3.3,0,0,0.2
2021-04-05T00:00:00.000Z,כלל האוכלוסיה,32,0,231,6,0,7,0.7,0,5.7,0.1,0,0.2
2021-04-05T00:00:00.000Z,מתחת לגיל 60,5,0,116,0,0,1,0.1,0,3,0,0,0
2021-04-05T00:00:00.000Z,מעל גיל 60,27,0,115,6,0,6,2,0,53.4,0.5,0,2.8
2021-04-06T00:00:00.000Z,מתחת לגיל 60,5,0,115,1,0,5,0.1,0,3,0,0,0.1
2021-04-06T00:00:00.000Z,מעל גיל 60,29,0,111,4,0,3,2.2,0,51.9,0.3,0,1.4
2021-04-06T00:00:00.000Z,כלל האוכלוסיה,34,0,226,5,0,8,0.7,0,5.6,0.1,0,0.2
2021-04-07T00:00:00.000Z,כלל האוכלוסיה,32,0,220,2,0,13,0.6,0,5.4,0,0,0.3
2021-04-07T00:00:00.000Z,מתחת לגיל 60,5,0,113,0,0,8,0.1,0,3,0,0,0.2
2021-04-07T00:00:00.000Z,מעל גיל 60,27,0,107,2,0,5,2,0,50.3,0.2,0,2.4
2021-04-08T00:00:00.000Z,מעל גיל 60,26,0,99,3,0,4,2,0,46.8,0.2,0,1.9
2021-04-08T00:00:00.000Z,מתחת לגיל 60,5,0,102,0,0,4,0.1,0,2.7,0,0,0.1
2021-04-08T00:00:00.000Z,כלל האוכלוסיה,31,0,201,3,0,8,0.6,0,5,0.1,0,0.2
2021-04-09T00:00:00.000Z,כלל האוכלוסיה,25,0,196,2,0,15,0.5,0,4.9,0,0,0.4
2021-04-09T00:00:00.000Z,מעל גיל 60,21,0,96,2,0,8,1.6,0,45.5,0.2,0,3.8
2021-04-09T00:00:00.000Z,מתחת לגיל 60,4,0,100,0,0,7,0.1,0,2.6,0,0,0.2
2021-04-10T00:00:00.000Z,כלל האוכלוסיה,24,0,190,3,0,8,0.5,0,4.7,0.1,0,0.2
2021-04-10T00:00:00.000Z,מעל גיל 60,20,0,95,3,0,5,1.5,0,45.1,0.2,0,2.4
2021-04-10T00:00:00.000Z,מתחת לגיל 60,4,0,95,0,0,3,0.1,0,2.5,0,0,0.1
2021-04-11T00:00:00.000Z,מתחת לגיל 60,5,0,96,1,0,7,0.1,0,2.5,0,0,0.2
2021-04-11T00:00:00.000Z,מעל גיל 60,20,0,93,1,0,6,1.5,0,44.4,0.1,0,2.9
2021-04-11T00:00:00.000Z,כלל האוכלוסיה,25,0,189,2,0,13,0.5,0,4.7,0,0,0.3
2021-04-12T00:00:00.000Z,מתחת לגיל 60,4,0,94,0,0,3,0.1,0,2.5,0,0,0.1
2021-04-12T00:00:00.000Z,מעל גיל 60,19,0,93,3,0,6,1.4,0,44.7,0.2,0,2.9
2021-04-12T00:00:00.000Z,כלל האוכלוסיה,23,0,187,3,0,9,0.5,0,4.7,0.1,0,0.2
2021-04-13T00:00:00.000Z,מתחת לגיל 60,4,0,87,0,0,2,0.1,0,2.3,0,0,0.1
2021-04-13T00:00:00.000Z,כלל האוכלוסיה,23,0,173,2,0,11,0.5,0,4.3,0,0,0.3
2021-04-13T00:00:00.000Z,מעל גיל 60,19,0,86,2,0,9,1.4,0,41.5,0.1,0,4.3
2021-04-14T00:00:00.000Z,מעל גיל 60,19,0,82,1,0,1,1.4,0,39.7,0.1,0,0.5
2021-04-14T00:00:00.000Z,מתחת לגיל 60,4,0,74,0,0,1,0.1,0,2,0,0,0
2021-04-14T00:00:00.000Z,כלל האוכלוסיה,23,0,156,1,0,2,0.5,0,3.9,0,0,0.1
2021-04-15T00:00:00.000Z,כלל האוכלוסיה,21,0,145,0,0,3,0.4,0,3.6,0,0,0.1
2021-04-15T00:00:00.000Z,מעל גיל 60,17,0,75,0,0,2,1.3,0,36.4,0,0,1
2021-04-15T00:00:00.000Z,מתחת לגיל 60,4,0,70,0,0,1,0.1,0,1.8,0,0,0
2021-04-16T00:00:00.000Z,מתחת לגיל 60,4,0,70,0,0,3,0.1,0,1.8,0,0,0.1
2021-04-16T00:00:00.000Z,כלל האוכלוסיה,22,0,142,2,0,5,0.4,0,3.6,0,0,0.1
2021-04-16T00:00:00.000Z,מעל גיל 60,18,0,72,2,0,2,1.3,0,35,0.1,0,1
2021-04-17T00:00:00.000Z,כלל האוכלוסיה,21,0,139,2,0,4,0.4,0,3.5,0,0,0.1
2021-04-17T00:00:00.000Z,מתחת לגיל 60,4,0,70,0,0,3,0.1,0,1.8,0,0,0.1
2021-04-17T00:00:00.000Z,מעל גיל 60,17,0,69,2,0,1,1.3,0,33.6,0.1,0,0.5
2021-04-18T00:00:00.000Z,מתחת לגיל 60,4,0,70,1,0,4,0.1,0,1.9,0,0,0.1
2021-04-18T00:00:00.000Z,כלל האוכלוסיה,21,0,143,3,0,10,0.4,0,3.6,0.1,0,0.3
2021-04-18T00:00:00.000Z,מעל גיל 60,17,0,73,2,0,6,1.3,0,35.7,0.1,0,2.9
2021-04-19T00:00:00.000Z,כלל האוכלוסיה,18,0,135,2,0,8,0.4,0,3.4,0,0,0.2
2021-04-19T00:00:00.000Z,מתחת לגיל 60,3,0,65,0,0,2,0.1,0,1.7,0,0,0.1
2021-04-19T00:00:00.000Z,מעל גיל 60,15,0,70,2,0,6,1.1,0,34.4,0.1,0,2.9
2021-04-20T00:00:00.000Z,כלל האוכלוסיה,19,0,123,2,0,3,0.4,0,3.1,0,0,0.1
2021-04-20T00:00:00.000Z,מתחת לגיל 60,3,0,62,0,0,1,0.1,0,1.6,0,0,0
2021-04-20T00:00:00.000Z,מעל גיל 60,16,0,61,2,0,2,1.2,0,30.1,0.1,0,1
2021-04-21T00:00:00.000Z,מעל גיל 60,17,0,59,2,0,3,1.3,0,29.2,0.1,0,1.5
2021-04-21T00:00:00.000Z,מתחת לגיל 60,3,0,59,0,0,1,0.1,0,1.6,0,0,0
2021-04-21T00:00:00.000Z,כלל האוכלוסיה,20,0,118,2,0,4,0.4,0,3,0,0,0.1
2021-04-22T00:00:00.000Z,מתחת לגיל 60,3,0,57,0,0,1,0.1,0,1.5,0,0,0
2021-04-22T00:00:00.000Z,מעל גיל 60,14,0,55,1,0,2,1,0,27.4,0.1,0,1
2021-04-22T00:00:00.000Z,כלל האוכלוסיה,17,0,112,1,0,3,0.3,0,2.8,0,0,0.1
2021-04-23T00:00:00.000Z,מעל גיל 60,16,0,52,3,0,2,1.2,0,25.9,0.2,0,1
2021-04-23T00:00:00.000Z,מתחת לגיל 60,3,0,59,0,0,3,0.1,0,1.6,0,0,0.1
2021-04-23T00:00:00.000Z,כלל האוכלוסיה,19,0,111,3,0,5,0.4,0,2.8,0.1,0,0.1
2021-04-24T00:00:00.000Z,מעל גיל 60,12,0,53,0,0,2,0.9,0,26.4,0,0,1
2021-04-24T00:00:00.000Z,מתחת לגיל 60,3,0,54,0,0,0,0.1,0,1.4,0,0,0
2021-04-24T00:00:00.000Z,כלל האוכלוסיה,15,0,107,0,0,2,0.3,0,2.7,0,0,0.1
2021-04-25T00:00:00.000Z,מתחת לגיל 60,3,0,54,0,0,1,0.1,0,1.4,0,0,0
2021-04-25T00:00:00.000Z,מעל גיל 60,14,0,54,2,0,2,1,0,27,0.1,0,1
2021-04-25T00:00:00.000Z,כלל האוכלוסיה,17,0,108,2,0,3,0.3,0,2.7,0,0,0.1
2021-04-26T00:00:00.000Z,מעל גיל 60,11,0,55,0,0,6,0.8,0,27.6,0,0,3
2021-04-26T00:00:00.000Z,מתחת לגיל 60,3,0,57,0,0,6,0.1,0,1.5,0,0,0.2
2021-04-26T00:00:00.000Z,כלל האוכלוסיה,14,0,112,0,0,12,0.3,0,2.8,0,0,0.3
2021-04-27T00:00:00.000Z,כלל האוכלוסיה,15,0,107,1,0,3,0.3,0,2.7,0,0,0.1
2021-04-27T00:00:00.000Z,מתחת לגיל 60,3,0,56,0,0,2,0.1,0,1.5,0,0,0.1
2021-04-27T00:00:00.000Z,מעל גיל 60,12,0,51,1,0,1,0.9,0,25.7,0.1,0,0.5
2021-04-28T00:00:00.000Z,מעל גיל 60,11,0,43,0,0,1,0.8,0,21.7,0,0,0.5
2021-04-28T00:00:00.000Z,כלל האוכלוסיה,15,0,99,1,0,1,0.3,0,2.5,0,0,0
2021-04-28T00:00:00.000Z,מתחת לגיל 60,4,0,56,1,0,0,0.1,0,1.5,0,0,0
2021-04-29T00:00:00.000Z,מעל גיל 60,9,0,38,1,0,2,0.7,0,19.3,0.1,0,1
2021-04-29T00:00:00.000Z,כלל האוכלוסיה,11,0,89,1,0,3,0.2,0,2.3,0,0,0.1
2021-04-29T00:00:00.000Z,מתחת לגיל 60,2,0,51,0,0,1,0.1,0,1.4,0,0,0
2021-04-30T00:00:00.000Z,כלל האוכלוסיה,11,0,84,1,0,4,0.2,0,2.1,0,0,0.1
2021-04-30T00:00:00.000Z,מעל גיל 60,9,0,33,1,0,1,0.7,0,16.8,0.1,0,0.5
2021-04-30T00:00:00.000Z,מתחת לגיל 60,2,0,51,0,0,3,0.1,0,1.4,0,0,0.1
2021-05-01T00:00:00.000Z,מתחת לגיל 60,2,0,52,0,0,2,0.1,0,1.4,0,0,0.1
2021-05-01T00:00:00.000Z,כלל האוכלוסיה,10,0,86,0,0,5,0.2,0,2.2,0,0,0.1
2021-05-01T00:00:00.000Z,מעל גיל 60,8,0,34,0,0,3,0.6,0,17.3,0,0,1.5
2021-05-02T00:00:00.000Z,מעל גיל 60,7,0,35,0,0,4,0.5,0,17.9,0,0,2
2021-05-02T00:00:00.000Z,כלל האוכלוסיה,9,0,83,0,0,4,0.2,0,2.1,0,0,0.1
2021-05-02T00:00:00.000Z,מתחת לגיל 60,2,0,48,0,0,0,0.1,0,1.3,0,0,0
2021-05-03T00:00:00.000Z,מתחת לגיל 60,2,0,45,1,0,2,0.1,0,1.2,0,0,0.1
2021-05-03T00:00:00.000Z,כלל האוכלוסיה,7,0,79,1,0,4,0.1,0,2,0,0,0.1
2021-05-03T00:00:00.000Z,מעל גיל 60,5,0,34,0,0,2,0.4,0,17.4,0,0,1
2021-05-04T00:00:00.000Z,כלל האוכלוסיה,5,0,77,1,0,4,0.1,0,2,0,0,0.1
2021-05-04T00:00:00.000Z,מתחת לגיל 60,2,0,44,0,0,2,0.1,0,1.2,0,0,0.1
2021-05-04T00:00:00.000Z,מעל גיל 60,3,0,33,1,0,2,0.2,0,16.9,0.1,0,1
2021-05-05T00:00:00.000Z,מעל גיל 60,3,0,33,0,0,2,0.2,0,17,0,0,1
2021-05-05T00:00:00.000Z,מתחת לגיל 60,2,0,43,0,0,1,0.1,0,1.2,0,0,0
2021-05-05T00:00:00.000Z,כלל האוכלוסיה,5,0,76,0,0,3,0.1,0,1.9,0,0,0.1
2021-05-06T00:00:00.000Z,מתחת לגיל 60,1,0,41,0,0,0,0,0,1.1,0,0,0
2021-05-06T00:00:00.000Z,כלל האוכלוסיה,3,0,71,0,0,2,0.1,0,1.8,0,0,0.1
2021-05-06T00:00:00.000Z,מעל גיל 60,2,0,30,0,0,2,0.1,0,15.5,0,0,1
2021-05-07T00:00:00.000Z,מעל גיל 60,2,0,28,0,0,1,0.1,0,14.5,0,0,0.5
2021-05-07T00:00:00.000Z,מתחת לגיל 60,1,0,41,0,0,1,0,0,1.1,0,0,0
2021-05-07T00:00:00.000Z,כלל האוכלוסיה,3,0,69,0,0,2,0.1,0,1.8,0,0,0.1
2021-05-08T00:00:00.000Z,מתחת לגיל 60,1,0,39,0,0,0,0,0,1,0,0,0
2021-05-08T00:00:00.000Z,כלל האוכלוסיה,4,0,67,2,0,1,0.1,0,1.7,0,0,0
2021-05-08T00:00:00.000Z,מעל גיל 60,3,0,28,2,0,1,0.2,0,14.5,0.1,0,0.5
2021-05-09T00:00:00.000Z,מעל גיל 60,3,0,25,0,0,0,0.2,0,12.9,0,0,0
2021-05-09T00:00:00.000Z,מתחת לגיל 60,2,0,38,1,0,0,0.1,0,1,0,0,0
2021-05-09T00:00:00.000Z,כלל האוכלוסיה,5,0,63,1,0,0,0.1,0,1.6,0,0,0
2021-05-10T00:00:00.000Z,כלל האוכלוסיה,4,0,59,0,0,1,0.1,0,1.5,0,0,0
2021-05-10T00:00:00.000Z,מתחת לגיל 60,1,0,34,0,0,0,0,0,0.9,0,0,0
2021-05-10T00:00:00.000Z,מעל גיל 60,3,0,25,0,0,1,0.2,0,13,0,0,0.5
2021-05-11T00:00:00.000Z,כלל האוכלוסיה,3,0,59,0,0,2,0.1,0,1.5,0,0,0.1
2021-05-11T00:00:00.000Z,מתחת לגיל 60,1,0,34,0,0,1,0,0,0.9,0,0,0
2021-05-11T00:00:00.000Z,מעל גיל 60,2,0,25,0,0,1,0.1,0,13,0,0,0.5
2021-05-12T00:00:00.000Z,מעל גיל 60,2,0,24,0,0,0,0.1,0,12.5,0,0,0
2021-05-12T00:00:00.000Z,מתחת לגיל 60,1,0,31,0,0,0,0,0,0.8,0,0,0
2021-05-12T00:00:00.000Z,כלל האוכלוסיה,3,0,55,0,0,0,0.1,0,1.4,0,0,0
2021-05-13T00:00:00.000Z,מתחת לגיל 60,0,0,28,0,0,0,0,0,0.8,0,0,0
2021-05-13T00:00:00.000Z,מעל גיל 60,0,0,24,0,0,1,0,0,12.5,0,0,0.5
2021-05-13T00:00:00.000Z,כלל האוכלוסיה,0,0,52,0,0,1,0,0,1.3,0,0,0
2021-05-14T00:00:00.000Z,מתחת לגיל 60,0,0,27,0,0,0,0,0,0.7,0,0,0
2021-05-14T00:00:00.000Z,כלל האוכלוסיה,0,0,53,0,0,2,0,0,1.4,0,0,0.1
2021-05-14T00:00:00.000Z,מעל גיל 60,0,0,26,0,0,2,0,0,13.6,0,0,1
2021-05-15T00:00:00.000Z,מעל גיל 60,0,0,23,0,0,0,0,0,12,0,0,0
2021-05-15T00:00:00.000Z,כלל האוכלוסיה,0,0,50,0,0,0,0,0,1.3,0,0,0
2021-05-15T00:00:00.000Z,מתחת לגיל 60,0,0,27,0,0,0,0,0,0.7,0,0,0
2021-05-16T00:00:00.000Z,מעל גיל 60,1,0,25,1,0,2,0.1,0,13.1,0.1,0,1
2021-05-16T00:00:00.000Z,מתחת לגיל 60,0,0,28,0,0,1,0,0,0.8,0,0,0
2021-05-16T00:00:00.000Z,כלל האוכלוסיה,1,0,53,1,0,3,0,0,1.4,0,0,0.1
2021-05-17T00:00:00.000Z,מתחת לגיל 60,0,0,27,0,0,0,0,0,0.7,0,0,0
2021-05-17T00:00:00.000Z,מעל גיל 60,0,0,22,0,0,0,0,0,11.5,0,0,0
2021-05-17T00:00:00.000Z,כלל האוכלוסיה,0,0,49,0,0,0,0,0,1.3,0,0,0
2021-05-18T00:00:00.000Z,מתחת לגיל 60,0,0,25,0,0,0,0,0,0.7,0,0,0
2021-05-18T00:00:00.000Z,כלל האוכלוסיה,1,0,46,1,0,1,0,0,1.2,0,0,0
2021-05-18T00:00:00.000Z,מעל גיל 60,1,0,21,1,0,1,0.1,0,11,0.1,0,0.5
2021-05-19T00:00:00.000Z,מתחת לגיל 60,0,0,24,0,0,0,0,0,0.6,0,0,0
2021-05-19T00:00:00.000Z,כלל האוכלוסיה,1,0,45,0,0,2,0,0,1.2,0,0,0.1
2021-05-19T00:00:00.000Z,מעל גיל 60,1,0,21,0,0,2,0.1,0,11.1,0,0,1.1
2021-05-20T00:00:00.000Z,כלל האוכלוסיה,3,0,47,2,0,3,0.1,0,1.2,0,0,0.1
2021-05-20T00:00:00.000Z,מעל גיל 60,3,0,22,2,0,1,0.2,0,11.6,0.1,0,0.5
2021-05-20T00:00:00.000Z,מתחת לגיל 60,0,0,25,0,0,2,0,0,0.7,0,0,0.1
2021-05-21T00:00:00.000Z,מעל גיל 60,2,0,22,0,0,0,0.1,0,11.6,0,0,0
2021-05-21T00:00:00.000Z,כלל האוכלוסיה,2,0,43,0,0,0,0,0,1.1,0,0,0
2021-05-21T00:00:00.000Z,מתחת לגיל 60,0,0,21,0,0,0,0,0,0.6,0,0,0
2021-05-22T00:00:00.000Z,מתחת לגיל 60,0,0,21,0,0,1,0,0,0.6,0,0,0
2021-05-22T00:00:00.000Z,כלל האוכלוסיה,2,0,43,0,0,1,0,0,1.1,0,0,0
2021-05-22T00:00:00.000Z,מעל גיל 60,2,0,22,0,0,0,0.1,0,11.6,0,0,0
2021-05-23T00:00:00.000Z,מתחת לגיל 60,0,0,21,0,0,1,0,0,0.6,0,0,0
2021-05-23T00:00:00.000Z,כלל האוכלוסיה,3,0,43,1,0,1,0.1,0,1.1,0,0,0
2021-05-23T00:00:00.000Z,מעל גיל 60,3,0,22,1,0,0,0.2,0,11.7,0.1,0,0
2021-05-24T00:00:00.000Z,כלל האוכלוסיה,3,0,42,1,0,1,0.1,0,1.1,0,0,0
2021-05-24T00:00:00.000Z,מעל גיל 60,3,0,22,1,0,0,0.2,0,11.7,0.1,0,0
2021-05-24T00:00:00.000Z,מתחת לגיל 60,0,0,20,0,0,1,0,0,0.5,0,0,0
2021-05-25T00:00:00.000Z,כלל האוכלוסיה,2,0,41,0,0,0,0,0,1.1,0,0,0
2021-05-25T00:00:00.000Z,מתחת לגיל 60,0,0,19,0,0,0,0,0,0.5,0,0,0
2021-05-25T00:00:00.000Z,מעל גיל 60,2,0,22,0,0,0,0.1,0,11.7,0,0,0
2021-05-26T00:00:00.000Z,כלל האוכלוסיה,2,0,38,0,0,0,0,0,1,0,0,0
2021-05-26T00:00:00.000Z,מתחת לגיל 60,0,0,16,0,0,0,0,0,0.4,0,0,0
2021-05-26T00:00:00.000Z,מעל גיל 60,2,0,22,0,0,0,0.1,0,11.7,0,0,0
2021-05-27T00:00:00.000Z,כלל האוכלוסיה,2,0,36,0,0,2,0,0,0.9,0,0,0.1
2021-05-27T00:00:00.000Z,מתחת לגיל 60,0,0,14,0,0,0,0,0,0.4,0,0,0
2021-05-27T00:00:00.000Z,מעל גיל 60,2,0,22,0,0,2,0.1,0,11.8,0,0,1.1
2021-05-28T00:00:00.000Z,כלל האוכלוסיה,1,0,35,0,0,1,0,0,0.9,0,0,0
2021-05-28T00:00:00.000Z,מתחת לגיל 60,0,0,15,0,0,1,0,0,0.4,0,0,0
2021-05-28T00:00:00.000Z,מעל גיל 60,1,0,20,0,0,0,0.1,0,10.7,0,0,0
2021-05-29T00:00:00.000Z,כלל האוכלוסיה,1,0,35,0,0,0,0,0,0.9,0,0,0
2021-05-29T00:00:00.000Z,מתחת לגיל 60,0,0,15,0,0,0,0,0,0.4,0,0,0
2021-05-29T00:00:00.000Z,מעל גיל 60,1,0,20,0,0,0,0.1,0,10.7,0,0,0
2021-05-30T00:00:00.000Z,מעל גיל 60,1,0,19,0,0,0,0.1,0,10.2,0,0,0
2021-05-30T00:00:00.000Z,מתחת לגיל 60,0,0,16,0,0,1,0,0,0.4,0,0,0
2021-05-30T00:00:00.000Z,כלל האוכלוסיה,1,0,35,0,0,1,0,0,0.9,0,0,0
2021-05-31T00:00:00.000Z,מעל גיל 60,2,0,19,1,0,0,0.1,0,10.2,0.1,0,0
2021-05-31T00:00:00.000Z,מתחת לגיל 60,0,0,15,0,0,0,0,0,0.4,0,0,0
2021-05-31T00:00:00.000Z,כלל האוכלוסיה,2,0,34,1,0,0,0,0,0.9,0,0,0
2021-06-01T00:00:00.000Z,מעל גיל 60,2,0,19,0,0,1,0.1,0,10.2,0,0,0.5
2021-06-01T00:00:00.000Z,מתחת לגיל 60,0,0,15,0,0,2,0,0,0.4,0,0,0.1
2021-06-01T00:00:00.000Z,כלל האוכלוסיה,2,0,34,0,0,3,0,0,0.9,0,0,0.1
2021-06-02T00:00:00.000Z,מתחת לגיל 60,0,0,11,0,0,0,0,0,0.3,0,0,0
2021-06-02T00:00:00.000Z,מעל גיל 60,3,0,18,1,0,0,0.2,0,9.7,0.1,0,0
2021-06-02T00:00:00.000Z,כלל האוכלוסיה,3,0,29,1,0,0,0.1,0,0.7,0,0,0
2021-06-03T00:00:00.000Z,מתחת לגיל 60,0,0,12,0,0,1,0,0,0.3,0,0,0
2021-06-03T00:00:00.000Z,מעל גיל 60,3,0,17,0,0,0,0.2,0,9.2,0,0,0
2021-06-03T00:00:00.000Z,כלל האוכלוסיה,3,0,29,0,0,1,0.1,0,0.7,0,0,0
2021-06-04T00:00:00.000Z,מעל גיל 60,3,0,17,0,0,1,0.2,0,9.2,0,0,0.5
2021-06-04T00:00:00.000Z,כלל האוכלוסיה,3,0,28,0,0,1,0.1,0,0.7,0,0,0
2021-06-04T00:00:00.000Z,מתחת לגיל 60,0,0,11,0,0,0,0,0,0.3,0,0,0
2021-06-05T00:00:00.000Z,כלל האוכלוסיה,2,0,28,0,0,1,0,0,0.7,0,0,0
2021-06-05T00:00:00.000Z,מעל גיל 60,2,0,17,0,0,0,0.1,0,9.2,0,0,0
2021-06-05T00:00:00.000Z,מתחת לגיל 60,0,0,11,0,0,1,0,0,0.3,0,0,0
2021-06-06T00:00:00.000Z,מתחת לגיל 60,0,0,11,0,0,0,0,0,0.3,0,0,0
2021-06-06T00:00:00.000Z,כלל האוכלוסיה,2,0,30,1,0,2,0,0,0.8,0,0,0.1
2021-06-06T00:00:00.000Z,מעל גיל 60,2,0,19,1,0,2,0.1,0,10.3,0.1,0,1.1
2021-06-07T00:00:00.000Z,מעל גיל 60,1,0,18,0,0,0,0.1,0,9.8,0,0,0
2021-06-07T00:00:00.000Z,כלל האוכלוסיה,1,0,27,0,0,0,0,0,0.7,0,0,0
2021-06-07T00:00:00.000Z,מתחת לגיל 60,0,0,9,0,0,0,0,0,0.2,0,0,0
2021-06-08T00:00:00.000Z,מעל גיל 60,2,0,17,1,0,0,0.1,0,9.2,0.1,0,0
2021-06-08T00:00:00.000Z,כלל האוכלוסיה,2,0,26,1,0,0,0,0,0.7,0,0,0
2021-06-08T00:00:00.000Z,מתחת לגיל 60,0,0,9,0,0,0,0,0,0.2,0,0,0
2021-06-09T00:00:00.000Z,מעל גיל 60,2,0,17,0,0,0,0.1,0,9.3,0,0,0
2021-06-09T00:00:00.000Z,מתחת לגיל 60,0,0,9,0,0,0,0,0,0.2,0,0,0
2021-06-09T00:00:00.000Z,כלל האוכלוסיה,2,0,26,0,0,0,0,0,0.7,0,0,0
2021-06-10T00:00:00.000Z,מעל גיל 60,2,0,16,0,0,0,0.1,0,8.7,0,0,0
2021-06-10T00:00:00.000Z,כלל האוכלוסיה,2,0,26,0,0,1,0,0,0.7,0,0,0
2021-06-10T00:00:00.000Z,מתחת לגיל 60,0,0,10,0,0,1,0,0,0.3,0,0,0
2021-06-11T00:00:00.000Z,מעל גיל 60,2,0,16,0,0,0,0.1,0,8.7,0,0,0
2021-06-11T00:00:00.000Z,מתחת לגיל 60,0,0,10,0,0,0,0,0,0.3,0,0,0
2021-06-11T00:00:00.000Z,כלל האוכלוסיה,2,0,26,0,0,0,0,0,0.7,0,0,0
2021-06-12T00:00:00.000Z,מתחת לגיל 60,0,0,8,0,0,0,0,0,0.2,0,0,0
2021-06-12T00:00:00.000Z,כלל האוכלוסיה,2,0,24,0,0,0,0,0,0.6,0,0,0
2021-06-12T00:00:00.000Z,מעל גיל 60,2,0,16,0,0,0,0.1,0,8.7,0,0,0
2021-06-13T00:00:00.000Z,מעל גיל 60,2,0,16,0,0,0,0.1,0,8.8,0,0,0
2021-06-13T00:00:00.000Z,מתחת לגיל 60,0,0,8,0,0,0,0,0,0.2,0,0,0
2021-06-13T00:00:00.000Z,כלל האוכלוסיה,2,0,24,0,0,0,0,0,0.6,0,0,0
2021-06-14T00:00:00.000Z,מעל גיל 60,3,0,15,1,0,0,0.2,0,8.2,0.1,0,0
2021-06-14T00:00:00.000Z,כלל האוכלוסיה,3,0,23,1,0,0,0.1,0,0.6,0,0,0
2021-06-14T00:00:00.000Z,מתחת לגיל 60,0,0,8,0,0,0,0,0,0.2,0,0,0
2021-06-15T00:00:00.000Z,כלל האוכלוסיה,3,0,20,0,0,0,0.1,0,0.5,0,0,0
2021-06-15T00:00:00.000Z,מתחת לגיל 60,0,0,8,0,0,0,0,0,0.2,0,0,0
2021-06-15T00:00:00.000Z,מעל גיל 60,3,0,12,0,0,0,0.2,0,6.6,0,0,0
2021-06-16T00:00:00.000Z,כלל האוכלוסיה,3,0,17,0,0,0,0.1,0,0.4,0,0,0
2021-06-16T00:00:00.000Z,מתחת לגיל 60,0,0,6,0,0,0,0,0,0.2,0,0,0
2021-06-16T00:00:00.000Z,מעל גיל 60,3,0,11,0,0,0,0.2,0,6,0,0,0
2021-06-17T00:00:00.000Z,מתחת לגיל 60,0,0,6,0,0,0,0,0,0.2,0,0,0
2021-06-17T00:00:00.000Z,מעל גיל 60,3,0,11,0,0,1,0.2,0,6.1,0,0,0.6
2021-06-17T00:00:00.000Z,כלל האוכלוסיה,3,0,17,0,0,1,0.1,0,0.4,0,0,0
2021-06-18T00:00:00.000Z,מתחת לגיל 60,0,0,6,0,0,0,0,0,0.2,0,0,0
2021-06-18T00:00:00.000Z,מעל גיל 60,2,0,10,0,0,0,0.1,0,5.5,0,0,0
2021-06-18T00:00:00.000Z,כלל האוכלוסיה,2,0,16,0,0,0,0,0,0.4,0,0,0
2021-06-19T00:00:00.000Z,כלל האוכלוסיה,2,0,16,0,0,0,0,0,0.4,0,0,0
2021-06-19T00:00:00.000Z,מתחת לגיל 60,0,0,6,0,0,0,0,0,0.2,0,0,0
2021-06-19T00:00:00.000Z,מעל גיל 60,2,0,10,0,0,0,0.1,0,5.5,0,0,0
2021-06-20T00:00:00.000Z,כלל האוכלוסיה,3,0,17,1,0,1,0.1,0,0.4,0,0,0
2021-06-20T00:00:00.000Z,מתחת לגיל 60,0,0,7,0,0,1,0,0,0.2,0,0,0
2021-06-20T00:00:00.000Z,מעל גיל 60,3,0,10,1,0,0,0.2,0,5.5,0.1,0,0
2021-06-21T00:00:00.000Z,מתחת לגיל 60,0,0,7,0,0,0,0,0,0.2,0,0,0
2021-06-21T00:00:00.000Z,מעל גיל 60,3,0,10,0,0,0,0.2,0,5.5,0,0,0
2021-06-21T00:00:00.000Z,כלל האוכלוסיה,3,0,17,0,0,0,0.1,0,0.4,0,0,0
2021-06-22T00:00:00.000Z,מתחת לגיל 60,0,0,8,0,0,1,0,0,0.2,0,0,0
2021-06-22T00:00:00.000Z,מעל גיל 60,3,0,12,0,0,2,0.2,0,6.7,0,0,1.1
2021-06-22T00:00:00.000Z,כלל האוכלוסיה,3,0,20,0,0,3,0.1,0,0.5,0,0,0.1
2021-06-23T00:00:00.000Z,מתחת לגיל 60,0,0,7,0,0,0,0,0,0.2,0,0,0
2021-06-23T00:00:00.000Z,מעל גיל 60,3,0,12,0,0,0,0.2,0,6.7,0,0,0
2021-06-23T00:00:00.000Z,כלל האוכלוסיה,3,0,19,0,0,0,0.1,0,0.5,0,0,0
2021-06-24T00:00:00.000Z,כלל האוכלוסיה,3,0,18,0,0,0,0.1,0,0.5,0,0,0
2021-06-24T00:00:00.000Z,מעל גיל 60,3,0,11,0,0,0,0.2,0,6.1,0,0,0
2021-06-24T00:00:00.000Z,מתחת לגיל 60,0,0,7,0,0,0,0,0,0.2,0,0,0
2021-06-25T00:00:00.000Z,מתחת לגיל 60,0,0,7,0,0,0,0,0,0.2,0,0,0
2021-06-25T00:00:00.000Z,מעל גיל 60,4,0,10,1,0,0,0.3,0,5.6,0.1,0,0
2021-06-25T00:00:00.000Z,כלל האוכלוסיה,4,0,17,1,0,0,0.1,0,0.4,0,0,0
2021-06-26T00:00:00.000Z,מעל גיל 60,5,0,10,1,0,0,0.4,0,5.6,0.1,0,0
2021-06-26T00:00:00.000Z,כלל האוכלוסיה,5,0,17,1,0,0,0.1,0,0.4,0,0,0
2021-06-26T00:00:00.000Z,מתחת לגיל 60,0,0,7,0,0,0,0,0,0.2,0,0,0
2021-06-27T00:00:00.000Z,מעל גיל 60,5,0,9,0,0,0,0.4,0,5,0,0,0
2021-06-27T00:00:00.000Z,מתחת לגיל 60,0,0,6,0,0,0,0,0,0.2,0,0,0
2021-06-27T00:00:00.000Z,כלל האוכלוסיה,5,0,15,0,0,0,0.1,0,0.4,0,0,0
2021-06-28T00:00:00.000Z,מעל גיל 60,4,0,9,0,0,0,0.3,0,5.1,0,0,0
2021-06-28T00:00:00.000Z,מתחת לגיל 60,0,0,6,0,0,0,0,0,0.2,0,0,0
2021-06-28T00:00:00.000Z,כלל האוכלוסיה,4,0,15,0,0,0,0.1,0,0.4,0,0,0
2021-06-29T00:00:00.000Z,מתחת לגיל 60,0,0,6,0,0,0,0,0,0.2,0,0,0
2021-06-29T00:00:00.000Z,מעל גיל 60,4,0,9,0,0,0,0.3,0,5.1,0,0,0
2021-06-29T00:00:00.000Z,כלל האוכלוסיה,4,0,15,0,0,0,0.1,0,0.4,0,0,0
2021-06-30T00:00:00.000Z,מתחת לגיל 60,0,0,5,0,0,0,0,0,0.1,0,0,0
2021-06-30T00:00:00.000Z,מעל גיל 60,7,0,10,4,0,1,0.5,0,5.6,0.3,0,0.6
2021-06-30T00:00:00.000Z,כלל האוכלוסיה,7,0,15,4,0,1,0.1,0,0.4,0.1,0,0
2021-07-01T00:00:00.000Z,מתחת לגיל 60,0,0,5,0,0,0,0,0,0.1,0,0,0
2021-07-01T00:00:00.000Z,מעל גיל 60,7,0,10,0,0,0,0.5,0,5.7,0,0,0
2021-07-01T00:00:00.000Z,כלל האוכלוסיה,7,0,15,0,0,0,0.1,0,0.4,0,0,0
2021-07-02T00:00:00.000Z,מעל גיל 60,8,0,11,1,0,1,0.6,0,6.2,0.1,0,0.6
2021-07-02T00:00:00.000Z,מתחת לגיל 60,0,0,6,0,0,1,0,0,0.2,0,0,0
2021-07-02T00:00:00.000Z,כלל האוכלוסיה,8,0,17,1,0,2,0.1,0,0.5,0,0,0.1
2021-07-03T00:00:00.000Z,מתחת לגיל 60,0,0,7,0,0,1,0,0,0.2,0,0,0
2021-07-03T00:00:00.000Z,כלל האוכלוסיה,9,0,18,2,0,2,0.2,0,0.5,0,0,0.1
2021-07-03T00:00:00.000Z,מעל גיל 60,9,0,11,2,0,1,0.7,0,6.3,0.1,0,0.6
2021-07-04T00:00:00.000Z,כלל האוכלוסיה,11,0,17,2,0,2,0.2,0,0.5,0,0,0.1
2021-07-04T00:00:00.000Z,מתחת לגיל 60,0,0,8,0,0,2,0,0,0.2,0,0,0.1
2021-07-04T00:00:00.000Z,מעל גיל 60,11,0,9,2,0,0,0.8,0,5.1,0.1,0,0
2021-07-05T00:00:00.000Z,מעל גיל 60,12,0,10,2,0,1,0.9,0,5.7,0.1,0,0.6
2021-07-05T00:00:00.000Z,מתחת לגיל 60,0,0,10,0,0,2,0,0,0.3,0,0,0.1
2021-07-05T00:00:00.000Z,כלל האוכלוסיה,12,0,20,2,0,3,0.2,0,0.5,0,0,0.1
2021-07-06T00:00:00.000Z,מתחת לגיל 60,1,0,12,1,0,3,0,0,0.3,0,0,0.1
2021-07-06T00:00:00.000Z,מעל גיל 60,12,0,10,3,0,0,0.9,0,5.7,0.2,0,0
2021-07-06T00:00:00.000Z,כלל האוכלוסיה,13,0,22,4,0,3,0.2,0,0.6,0.1,0,0.1
2021-07-07T00:00:00.000Z,מתחת לגיל 60,1,0,13,0,0,2,0,0,0.4,0,0,0.1
2021-07-07T00:00:00.000Z,כלל האוכלוסיה,17,0,24,6,0,3,0.3,0,0.7,0.1,0,0.1
2021-07-07T00:00:00.000Z,מעל גיל 60,16,0,11,6,0,1,1.2,0,6.3,0.4,0,0.6
2021-07-08T00:00:00.000Z,מעל גיל 60,18,0,11,5,0,1,1.3,0,6.4,0.4,0,0.6
2021-07-08T00:00:00.000Z,כלל האוכלוסיה,18,0,23,5,0,2,0.3,0,0.6,0.1,0,0.1
2021-07-08T00:00:00.000Z,מתחת לגיל 60,0,0,12,0,0,1,0,0,0.3,0,0,0
2021-07-09T00:00:00.000Z,מעל גיל 60,17,0,9,3,0,0,1.2,0,5.2,0.2,0,0
2021-07-09T00:00:00.000Z,מתחת לגיל 60,2,0,11,2,0,0,0,0,0.3,0,0,0
2021-07-09T00:00:00.000Z,כלל האוכלוסיה,19,0,20,5,0,0,0.4,0,0.6,0.1,0,0
2021-07-10T00:00:00.000Z,מתחת לגיל 60,2,0,9,0,0,0,0,0,0.3,0,0,0
2021-07-10T00:00:00.000Z,כלל האוכלוסיה,19,0,20,2,0,3,0.4,0,0.6,0,0,0.1
2021-07-10T00:00:00.000Z,מעל גיל 60,17,0,11,2,0,3,1.2,0,6.4,0.1,0,1.7
2021-07-11T00:00:00.000Z,מעל גיל 60,26,0,12,11,0,1,1.9,0,7,0.8,0,0.6
2021-07-11T00:00:00.000Z,מתחת לגיל 60,2,0,7,0,0,0,0,0,0.2,0,0,0
2021-07-11T00:00:00.000Z,כלל האוכלוסיה,28,0,19,11,0,1,0.5,0,0.5,0.2,0,0
2021-07-12T00:00:00.000Z,מתחת לגיל 60,2,0,8,0,0,1,0,0,0.2,0,0,0
2021-07-12T00:00:00.000Z,כלל האוכלוסיה,30,0,18,6,0,1,0.6,0,0.5,0.1,0,0
2021-07-12T00:00:00.000Z,מעל גיל 60,28,0,10,6,0,0,2,0,5.8,0.4,0,0
2021-07-13T00:00:00.000Z,מעל גיל 60,24,0,10,3,0,0,1.7,0,5.8,0.2,0,0
2021-07-13T00:00:00.000Z,כלל האוכלוסיה,25,0,19,4,0,2,0.5,0,0.5,0.1,0,0.1
2021-07-13T00:00:00.000Z,מתחת לגיל 60,1,0,9,1,0,2,0,0,0.3,0,0,0.1
2021-07-14T00:00:00.000Z,מעל גיל 60,31,0,10,10,0,0,2.2,0,5.8,0.7,0,0
2021-07-14T00:00:00.000Z,כלל האוכלוסיה,32,0,18,10,0,0,0.6,0,0.5,0.2,0,0
2021-07-14T00:00:00.000Z,מתחת לגיל 60,1,0,8,0,0,0,0,0,0.2,0,0,0
2021-07-15T00:00:00.000Z,מעל גיל 60,31,0,10,6,0,0,2.2,0,5.9,0.4,0,0
2021-07-15T00:00:00.000Z,כלל האוכלוסיה,32,0,22,6,0,4,0.6,0,0.6,0.1,0,0.1
2021-07-15T00:00:00.000Z,מתחת לגיל 60,1,0,12,0,0,4,0,0,0.4,0,0,0.1
2021-07-16T00:00:00.000Z,מתחת לגיל 60,0,0,9,0,0,0,0,0,0.3,0,0,0
2021-07-16T00:00:00.000Z,כלל האוכלוסיה,29,0,19,6,0,0,0.5,0,0.5,0.1,0,0
2021-07-16T00:00:00.000Z,מעל גיל 60,29,0,10,6,0,0,2.1,0,5.9,0.4,0,0
2021-07-17T00:00:00.000Z,מעל גיל 60,35,0,11,11,0,2,2.5,0,6.5,0.8,0,1.2
2021-07-17T00:00:00.000Z,מתחת לגיל 60,0,0,11,0,0,3,0,0,0.3,0,0,0.1
2021-07-17T00:00:00.000Z,כלל האוכלוסיה,35,0,22,11,0,5,0.6,0,0.6,0.2,0,0.1
2021-07-18T00:00:00.000Z,מתחת לגיל 60,1,0,13,1,0,3,0,0,0.4,0,0,0.1
2021-07-18T00:00:00.000Z,כלל האוכלוסיה,41,0,24,12,0,5,0.8,0,0.7,0.2,0,0.1
2021-07-18T00:00:00.000Z,מעל גיל 60,40,0,11,11,0,2,2.9,0,6.5,0.8,0,1.2
2021-07-19T00:00:00.000Z,מעל גיל 60,41,0,11,7,0,3,3,0,6.5,0.5,0,1.8
2021-07-19T00:00:00.000Z,כלל האוכלוסיה,43,0,17,8,0,3,0.8,0,0.5,0.1,0,0.1
2021-07-19T00:00:00.000Z,מתחת לגיל 60,2,0,6,1,0,0,0,0,0.2,0,0,0
2021-07-20T00:00:00.000Z,מעל גיל 60,36,0,12,4,0,2,2.6,0,7.1,0.3,0,1.2
2021-07-20T00:00:00.000Z,מתחת לגיל 60,2,0,10,0,0,5,0,0,0.3,0,0,0.1
2021-07-20T00:00:00.000Z,כלל האוכלוסיה,38,0,22,4,0,7,0.7,0,0.6,0.1,0,0.2
2021-07-21T00:00:00.000Z,כלל האוכלוסיה,38,0,27,6,0,7,0.7,0,0.8,0.1,0,0.2
2021-07-21T00:00:00.000Z,מעל גיל 60,35,0,13,5,0,3,2.5,0,7.7,0.4,0,1.8
2021-07-21T00:00:00.000Z,מתחת לגיל 60,3,0,14,1,0,4,0.1,0,0.4,0,0,0.1
2021-07-22T00:00:00.000Z,מעל גיל 60,39,1,14,10,1,2,2.9,2.9,8.3,0.7,2.9,1.2
2021-07-22T00:00:00.000Z,כלל האוכלוסיה,44,1,29,13,1,3,0.8,1.7,0.8,0.2,1.7,0.1
2021-07-22T00:00:00.000Z,מתחת לגיל 60,5,0,15,3,0,1,0.1,0,0.4,0.1,0,0
2021-07-23T00:00:00.000Z,מתחת לגיל 60,6,0,17,2,0,3,0.1,0,0.5,0,0,0.1
2021-07-23T00:00:00.000Z,כלל האוכלוסיה,54,1,30,16,0,5,1,0.9,0.8,0.3,0,0.1
2021-07-23T00:00:00.000Z,מעל גיל 60,48,1,13,14,0,2,3.7,1.3,7.7,1.1,0,1.2
2021-07-24T00:00:00.000Z,מתחת לגיל 60,8,0,14,2,0,2,0.2,0,0.4,0,0,0.1
2021-07-24T00:00:00.000Z,מעל גיל 60,49,2,14,9,1,2,3.9,1.6,8.3,0.7,0.8,1.2
2021-07-24T00:00:00.000Z,כלל האוכלוסיה,57,2,28,11,1,4,1.1,1.1,0.8,0.2,0.5,0.1
2021-07-25T00:00:00.000Z,מתחת לגיל 60,5,0,17,0,0,3,0.1,0,0.5,0,0,0.1
2021-07-25T00:00:00.000Z,מעל גיל 60,57,2,14,17,0,2,4.6,1.3,8.3,1.4,0,1.2
2021-07-25T00:00:00.000Z,כלל האוכלוסיה,62,2,31,17,0,5,1.2,0.9,0.9,0.3,0,0.1
2021-07-26T00:00:00.000Z,כלל האוכלוסיה,78,3,39,25,1,13,1.5,1.2,1.1,0.5,0.4,0.4
2021-07-26T00:00:00.000Z,מעל גיל 60,72,3,17,24,1,6,5.9,1.7,10.2,2,0.6,3.6
2021-07-26T00:00:00.000Z,מתחת לגיל 60,6,0,22,1,0,7,0.1,0,0.6,0,0,0.2
2021-07-27T00:00:00.000Z,מעל גיל 60,84,8,27,22,5,10,7.3,3.3,16.2,1.9,2.1,6
2021-07-27T00:00:00.000Z,מתחת לגיל 60,7,0,25,1,0,6,0.2,0,0.7,0,0,0.2
2021-07-27T00:00:00.000Z,כלל האוכלוסיה,91,8,52,23,5,16,1.8,2.4,1.5,0.4,1.5,0.4
2021-07-28T00:00:00.000Z,מעל גיל 60,72,12,28,9,6,4,6.7,3.7,16.8,0.8,1.9,2.4
2021-07-28T00:00:00.000Z,מתחת לגיל 60,8,0,27,1,0,5,0.2,0,0.8,0,0,0.1
2021-07-28T00:00:00.000Z,כלל האוכלוסיה,80,12,55,10,6,9,1.6,2.7,1.5,0.2,1.3,0.3
2021-07-29T00:00:00.000Z,מעל גיל 60,66,16,33,11,7,7,6.7,3.9,19.8,1.1,1.7,4.2
2021-07-29T00:00:00.000Z,מתחת לגיל 60,8,0,29,1,0,6,0.2,0,0.9,0,0,0.2
2021-07-29T00:00:00.000Z,כלל האוכלוסיה,74,16,62,12,7,13,1.5,2.7,1.7,0.2,1.2,0.4
2021-07-30T00:00:00.000Z,מעל גיל 60,81,27,35,19,14,4,9.1,5.4,21.1,2.1,2.8,2.4
2021-07-30T00:00:00.000Z,כלל האוכלוסיה,88,27,60,21,14,6,1.8,3.7,1.7,0.4,1.9,0.2
2021-07-30T00:00:00.000Z,מתחת לגיל 60,7,0,25,2,0,2,0.2,0,0.7,0.1,0,0.1
2021-07-31T00:00:00.000Z,מעל גיל 60,87,31,41,15,8,10,10.9,5.3,24.7,1.9,1.4,6
2021-07-31T00:00:00.000Z,כלל האוכלוסיה,94,31,67,15,8,14,2,3.5,1.9,0.3,0.9,0.4
2021-07-31T00:00:00.000Z,מתחת לגיל 60,7,0,26,0,0,4,0.2,0,0.8,0,0,0.1
2021-08-01T00:00:00.000Z,מעל גיל 60,82,35,41,12,8,5,10.8,5.8,24.8,1.6,1.3,3
2021-08-01T00:00:00.000Z,כלל האוכלוסיה,89,35,67,13,8,8,1.9,3.8,1.9,0.3,0.9,0.2
2021-08-01T00:00:00.000Z,מתחת לגיל 60,7,0,26,1,0,3,0.2,0,0.8,0,0,0.1
2021-08-02T00:00:00.000Z,כלל האוכלוסיה,99,41,69,23,9,13,2.2,4.4,1.9,0.5,1,0.4
2021-08-02T00:00:00.000Z,מתחת לגיל 60,11,0,30,4,0,7,0.3,0,0.9,0.1,0,0.2
2021-08-02T00:00:00.000Z,מעל גיל 60,88,41,39,19,9,6,12,7.1,23.6,2.6,1.6,3.6
2021-08-03T00:00:00.000Z,כלל האוכלוסיה,95,58,71,17,22,13,2.1,5.8,2,0.4,2.2,0.4
2021-08-03T00:00:00.000Z,מעל גיל 60,86,58,42,15,22,8,12.9,9.9,25.5,2.3,3.8,4.9
2021-08-03T00:00:00.000Z,מתחת לגיל 60,9,0,29,2,0,5,0.2,0,0.9,0.1,0,0.1
2021-08-04T00:00:00.000Z,כלל האוכלוסיה,88,65,79,12,19,17,2,6.1,2.2,0.3,1.8,0.5
2021-08-04T00:00:00.000Z,מעל גיל 60,79,64,45,11,18,8,13,11.1,27.4,1.8,3.1,4.9
2021-08-04T00:00:00.000Z,מתחת לגיל 60,9,1,34,1,1,9,0.2,0.2,1,0,0.2,0.3
2021-08-05T00:00:00.000Z,מעל גיל 60,80,76,52,13,24,14,14.4,13.7,31.7,2.3,4.3,8.5
2021-08-05T00:00:00.000Z,כלל האוכלוסיה,89,77,87,15,24,23,2.1,7,2.5,0.4,2.2,0.7
2021-08-05T00:00:00.000Z,מתחת לגיל 60,9,1,35,2,0,9,0.2,0.2,1,0.1,0,0.3
2021-08-06T00:00:00.000Z,מתחת לגיל 60,9,4,38,1,3,7,0.2,0.7,1.1,0,0.5,0.2
2021-08-06T00:00:00.000Z,כלל האוכלוסיה,90,89,91,15,24,16,2.2,7.6,2.6,0.4,2,0.5
2021-08-06T00:00:00.000Z,מעל גיל 60,81,85,53,14,21,9,15.9,15,32.4,2.7,3.7,5.5
2021-08-07T00:00:00.000Z,כלל האוכלוסיה,97,116,111,17,37,25,2.4,9.2,3.1,0.4,2.9,0.7
2021-08-07T00:00:00.000Z,מעל גיל 60,86,110,65,14,34,15,18.3,18.7,39.8,3,5.8,9.2
2021-08-07T00:00:00.000Z,מתחת לגיל 60,11,6,46,3,3,10,0.3,0.9,1.4,0.1,0.4,0.3
2021-08-08T00:00:00.000Z,מתחת לגיל 60,13,8,52,3,3,9,0.4,1.1,1.5,0.1,0.4,0.3
2021-08-08T00:00:00.000Z,כלל האוכלוסיה,101,130,136,18,34,32,2.5,10.4,3.9,0.4,2.7,0.9
2021-08-08T00:00:00.000Z,מעל גיל 60,88,122,84,15,31,23,18.4,22.9,51.6,3.1,5.8,14.1
2021-08-09T00:00:00.000Z,מעל גיל 60,84,136,87,14,30,14,16.3,28.7,53.6,2.7,6.3,8.6
2021-08-09T00:00:00.000Z,כלל האוכלוסיה,99,142,136,18,31,21,2.5,11.6,3.9,0.4,2.5,0.6
2021-08-09T00:00:00.000Z,מתחת לגיל 60,15,6,49,4,1,7,0.4,0.8,1.5,0.1,0.1,0.2
2021-08-10T00:00:00.000Z,מעל גיל 60,84,140,88,16,28,14,14.9,33,54.4,2.8,6.6,8.7
2021-08-10T00:00:00.000Z,כלל האוכלוסיה,100,148,140,20,31,21,2.5,12.3,4,0.5,2.6,0.6
2021-08-10T00:00:00.000Z,מתחת לגיל 60,16,8,52,4,3,7,0.5,1,1.6,0.1,0.4,0.2
2021-08-11T00:00:00.000Z,כלל האוכלוסיה,97,154,148,19,29,26,2.4,13,4.2,0.5,2.5,0.7
2021-08-11T00:00:00.000Z,מעל גיל 60,80,144,92,16,24,18,12.9,38,57.1,2.6,6.3,11.2
2021-08-11T00:00:00.000Z,מתחת לגיל 60,17,10,56,3,5,8,0.5,1.2,1.7,0.1,0.6,0.2
2021-08-12T00:00:00.000Z,כלל האוכלוסיה,93,172,164,13,36,29,2.3,14.8,4.7,0.3,3.1,0.8
2021-08-12T00:00:00.000Z,מתחת לגיל 60,13,10,66,0,1,13,0.4,1.2,2,0,0.1,0.4
2021-08-12T00:00:00.000Z,מעל גיל 60,80,162,98,13,35,16,11.6,48.6,61.1,1.9,10.5,10
2021-08-13T00:00:00.000Z,מעל גיל 60,92,154,115,24,22,31,12.7,48.4,71.9,3.3,6.9,19.4
2021-08-13T00:00:00.000Z,מתחת לגיל 60,13,10,72,1,2,19,0.4,1.2,2.2,0,0.2,0.6
2021-08-13T00:00:00.000Z,כלל האוכלוסיה,105,164,187,25,24,50,2.6,14.1,5.4,0.6,2.1,1.4
2021-08-14T00:00:00.000Z,מתחת לגיל 60,13,12,75,4,3,11,0.4,1.4,2.3,0.1,0.3,0.3
2021-08-14T00:00:00.000Z,כלל האוכלוסיה,116,168,195,25,27,30,2.8,14.2,5.6,0.6,2.3,0.9
2021-08-14T00:00:00.000Z,מעל גיל 60,103,156,120,21,24,19,13.9,50.3,75.2,2.8,7.7,11.9
2021-08-15T00:00:00.000Z,מעל גיל 60,99,171,130,16,38,23,12.2,61.5,81.8,2,13.7,14.5
2021-08-15T00:00:00.000Z,מתחת לגיל 60,15,22,83,3,10,14,0.5,2.6,2.5,0.1,1.2,0.4
2021-08-15T00:00:00.000Z,כלל האוכלוסיה,114,193,213,19,48,37,2.8,17.2,6.1,0.5,4.3,1.1
2021-08-16T00:00:00.000Z,מעל גיל 60,101,156,138,16,25,21,11.5,62.6,87.2,1.8,10,13.3
2021-08-16T00:00:00.000Z,מתחת לגיל 60,14,21,85,2,3,12,0.4,2.6,2.6,0.1,0.4,0.4
2021-08-16T00:00:00.000Z,כלל האוכלוסיה,115,177,223,18,28,33,2.7,16.5,6.4,0.4,2.6,0.9
2021-08-17T00:00:00.000Z,כלל האוכלוסיה,124,186,237,25,32,37,2.9,17.5,6.8,0.6,3,1.1
2021-08-17T00:00:00.000Z,מתחת לגיל 60,15,31,90,3,12,14,0.5,3.7,2.7,0.1,1.4,0.4
2021-08-17T00:00:00.000Z,מעל גיל 60,109,155,147,22,20,23,11.6,68,93.3,2.3,8.8,14.6
2021-08-18T00:00:00.000Z,מתחת לגיל 60,18,33,101,5,5,20,0.6,3.9,3.1,0.2,0.6,0.6
2021-08-18T00:00:00.000Z,מעל גיל 60,114,149,163,18,21,30,11.5,70.9,103.9,1.8,10,19.1
2021-08-18T00:00:00.000Z,כלל האוכלוסיה,132,182,264,23,26,50,3.1,17.1,7.6,0.5,2.4,1.4
2021-08-19T00:00:00.000Z,מתחת לגיל 60,19,31,107,3,4,15,0.6,3.6,3.2,0.1,0.5,0.5
2021-08-19T00:00:00.000Z,מעל גיל 60,110,150,159,10,24,24,10.6,77.3,101.8,1,12.4,15.4
2021-08-19T00:00:00.000Z,כלל האוכלוסיה,129,181,266,13,28,39,3.1,17,7.7,0.3,2.6,1.1
2021-08-20T00:00:00.000Z,מתחת לגיל 60,20,33,104,4,4,19,0.6,3.7,3.2,0.1,0.4,0.6
2021-08-20T00:00:00.000Z,כלל האוכלוסיה,130,176,276,24,23,45,3.1,16.3,8,0.6,2.1,1.3
2021-08-20T00:00:00.000Z,מעל גיל 60,110,143,172,20,19,26,10.4,75.9,110.5,1.9,10.1,16.7
2021-08-21T00:00:00.000Z,מעל גיל 60,116,151,187,12,24,30,10.9,80.4,120.3,1.1,12.8,19.3
2021-08-21T00:00:00.000Z,כלל האוכלוסיה,140,186,303,16,29,53,3.4,16.8,8.8,0.4,2.6,1.5
2021-08-21T00:00:00.000Z,מתחת לגיל 60,24,35,116,4,5,23,0.8,3.8,3.5,0.1,0.5,0.7
2021-08-22T00:00:00.000Z,כלל האוכלוסיה,146,205,312,21,41,43,3.5,19.5,9.1,0.5,3.9,1.3
2021-08-22T00:00:00.000Z,מעל גיל 60,121,164,189,17,30,25,11,94.2,122.1,1.5,17.2,16.2
2021-08-22T00:00:00.000Z,מתחת לגיל 60,25,41,123,4,11,18,0.8,4.7,3.8,0.1,1.3,0.5
2021-08-23T00:00:00.000Z,כלל האוכלוסיה,150,186,337,27,18,68,3.5,18.5,9.8,0.6,1.8,2
2021-08-23T00:00:00.000Z,מתחת לגיל 60,25,37,130,6,4,28,0.8,4.4,4,0.2,0.5,0.9
2021-08-23T00:00:00.000Z,מעל גיל 60,125,149,207,21,14,40,11,91.8,134.4,1.9,8.6,26
2021-08-24T00:00:00.000Z,כלל האוכלוסיה,157,165,348,28,16,52,3.7,16.6,10.2,0.7,1.6,1.5
2021-08-24T00:00:00.000Z,מעל גיל 60,136,135,213,26,13,31,11.8,87.7,138.9,2.3,8.4,20.2
2021-08-24T00:00:00.000Z,מתחת לגיל 60,21,30,135,2,3,21,0.7,3.6,4.1,0.1,0.4,0.6
2021-08-25T00:00:00.000Z,מתחת לגיל 60,22,30,143,4,5,27,0.7,3.6,4.4,0.1,0.6,0.8
2021-08-25T00:00:00.000Z,כלל האוכלוסיה,148,169,361,21,23,62,3.4,17.1,10.6,0.5,2.3,1.8
2021-08-25T00:00:00.000Z,מעל גיל 60,126,139,218,17,18,35,10.7,93.7,142.8,1.4,12.1,22.9
2021-08-26T00:00:00.000Z,מעל גיל 60,120,130,220,15,15,29,10.1,90.9,144.6,1.3,10.5,19.1
2021-08-26T00:00:00.000Z,מתחת לגיל 60,22,33,148,1,8,27,0.7,3.9,4.6,0,1,0.8
2021-08-26T00:00:00.000Z,כלל האוכלוסיה,142,163,368,16,23,56,3.3,16.6,10.9,0.4,2.3,1.7
2021-08-27T00:00:00.000Z,מעל גיל 60,120,132,225,22,19,31,10,93.1,148.3,1.8,13.4,20.4
2021-08-27T00:00:00.000Z,מתחת לגיל 60,23,33,146,6,2,17,0.7,3.8,4.5,0.2,0.2,0.5
2021-08-27T00:00:00.000Z,כלל האוכלוסיה,143,165,371,28,21,48,3.3,16.5,11,0.7,2.1,1.4
2021-08-28T00:00:00.000Z,כלל האוכלוסיה,149,164,360,20,19,42,3.5,15.8,10.6,0.5,1.8,1.2
2021-08-28T00:00:00.000Z,מעל גיל 60,123,131,217,15,15,23,10.3,92.2,143.2,1.3,10.6,15.2
2021-08-28T00:00:00.000Z,מתחת לגיל 60,26,33,143,5,4,19,0.8,3.7,4.4,0.2,0.4,0.6
2021-08-29T00:00:00.000Z,כלל האוכלוסיה,164,165,403,27,21,64,3.8,16.3,11.9,0.6,2.1,1.9
2021-08-29T00:00:00.000Z,מעל גיל 60,133,130,240,22,18,35,11,95.3,159.1,1.8,13.2,23.2
2021-08-29T00:00:00.000Z,מתחת לגיל 60,31,35,163,5,3,29,1,4,5.1,0.2,0.3,0.9
2021-08-30T00:00:00.000Z,כלל האוכלוסיה,164,158,407,26,18,61,3.7,16.4,12.1,0.6,1.9,1.8
2021-08-30T00:00:00.000Z,מתחת לגיל 60,30,36,165,6,4,29,1,4.3,5.1,0.2,0.5,0.9
2021-08-30T00:00:00.000Z,מעל גיל 60,134,122,242,20,14,32,10.9,93.4,161.1,1.6,10.7,21.3
2021-08-31T00:00:00.000Z,מתחת לגיל 60,30,31,159,4,4,19,0.9,3.8,5,0.1,0.5,0.6
2021-08-31T00:00:00.000Z,מעל גיל 60,123,123,225,13,21,27,9.9,96.9,150.4,1.1,16.5,18
2021-08-31T00:00:00.000Z,כלל האוכלוסיה,153,154,384,17,25,46,3.5,16.4,11.5,0.4,2.7,1.4
2021-09-01T00:00:00.000Z,מעל גיל 60,117,114,229,13,14,38,9.4,91.5,153.7,1,11.2,25.5
2021-09-01T00:00:00.000Z,מתחת לגיל 60,34,25,155,5,3,20,1.1,3.1,4.9,0.2,0.4,0.6
2021-09-01T00:00:00.000Z,כלל האוכלוסיה,151,139,384,18,17,58,3.4,15.1,11.5,0.4,1.8,1.7
2021-09-02T00:00:00.000Z,מתחת לגיל 60,29,27,151,1,4,17,0.9,3.5,4.7,0,0.5,0.5
2021-09-02T00:00:00.000Z,כלל האוכלוסיה,142,138,378,18,21,40,3.2,15.6,11.4,0.4,2.4,1.2
2021-09-02T00:00:00.000Z,מעל גיל 60,113,111,227,17,17,23,9,90.8,153,1.4,13.9,15.5
2021-09-03T00:00:00.000Z,מתחת לגיל 60,28,27,159,2,5,20,0.9,3.5,5,0.1,0.7,0.6
2021-09-03T00:00:00.000Z,כלל האוכלוסיה,135,133,379,13,18,46,3,15,11.4,0.3,2,1.4
2021-09-03T00:00:00.000Z,מעל גיל 60,107,106,220,11,13,26,8.5,86.8,148.5,0.9,10.6,17.6
2021-09-04T00:00:00.000Z,מעל גיל 60,109,103,217,12,12,24,8.7,84,146.7,1,9.8,16.2
2021-09-04T00:00:00.000Z,כלל האוכלוסיה,141,130,379,18,14,40,3.2,14.4,11.4,0.4,1.6,1.2
2021-09-04T00:00:00.000Z,מתחת לגיל 60,32,27,162,6,2,16,1,3.5,5.1,0.2,0.3,0.5
2021-09-05T00:00:00.000Z,מתחת לגיל 60,34,25,170,4,2,21,1.1,3.3,5.4,0.1,0.3,0.7
2021-09-05T00:00:00.000Z,כלל האוכלוסיה,143,122,403,17,8,54,3.2,14,12.2,0.4,0.9,1.6
2021-09-05T00:00:00.000Z,מעל גיל 60,109,97,233,13,6,33,8.7,80.8,158.2,1,5,22.4
2021-09-06T00:00:00.000Z,מעל גיל 60,96,87,224,6,6,20,7.6,72.8,152.4,0.5,5,13.6
2021-09-06T00:00:00.000Z,כלל האוכלוסיה,130,110,389,10,8,32,2.9,12.7,11.7,0.2,0.9,1
2021-09-06T00:00:00.000Z,מתחת לגיל 60,34,23,165,4,2,12,1,3.1,5.2,0.1,0.3,0.4
2021-09-07T00:00:00.000Z,מעל גיל 60,97,78,223,15,6,31,7.6,64.6,151.9,1.2,5,21.1
2021-09-07T00:00:00.000Z,כלל האוכלוסיה,133,104,387,18,10,53,2.9,11.6,11.7,0.4,1.1,1.6
2021-09-07T00:00:00.000Z,מתחת לגיל 60,36,26,164,3,4,22,1.1,3.4,5.2,0.1,0.5,0.7
2021-09-08T00:00:00.000Z,מעל גיל 60,92,79,227,8,8,22,7.2,64.7,154.9,0.6,6.6,15
2021-09-08T00:00:00.000Z,כלל האוכלוסיה,130,104,408,12,9,44,2.8,11.2,12.3,0.3,1,1.3
2021-09-08T00:00:00.000Z,מתחת לגיל 60,38,25,181,4,1,22,1.1,3.1,5.7,0.1,0.1,0.7
2021-09-09T00:00:00.000Z,מתחת לגיל 60,34,25,192,1,1,26,1,3.2,6.1,0,0.1,0.8
2021-09-09T00:00:00.000Z,כלל האוכלוסיה,125,101,428,12,6,52,2.7,11.1,13,0.3,0.7,1.6
2021-09-09T00:00:00.000Z,מעל גיל 60,91,76,236,11,5,26,7.1,63.3,161.6,0.9,4.2,17.8
2021-09-10T00:00:00.000Z,כלל האוכלוסיה,125,99,429,21,17,46,2.7,10.7,13,0.4,1.8,1.4
2021-09-10T00:00:00.000Z,מתחת לגיל 60,31,24,190,4,4,21,0.9,3,6,0.1,0.5,0.7
2021-09-10T00:00:00.000Z,מעל גיל 60,94,75,239,17,13,25,7.4,62.2,164.1,1.3,10.8,17.2
2021-09-11T00:00:00.000Z,מעל גיל 60,85,71,243,7,8,30,6.7,58.1,167.1,0.5,6.5,20.6
2021-09-11T00:00:00.000Z,כלל האוכלוסיה,116,96,445,9,11,52,2.5,10,13.5,0.2,1.1,1.6
2021-09-11T00:00:00.000Z,מתחת לגיל 60,31,25,202,2,3,22,0.9,3,6.4,0.1,0.4,0.7
2021-09-12T00:00:00.000Z,כלל האוכלוסיה,120,100,458,17,14,54,2.6,10.6,13.9,0.4,1.5,1.6
2021-09-12T00:00:00.000Z,מעל גיל 60,85,71,250,13,6,28,6.6,59.2,172.5,1,5,19.3
2021-09-12T00:00:00.000Z,מתחת לגיל 60,35,29,207,4,8,25,1,3.5,6.6,0.1,1,0.8
2021-09-13T00:00:00.000Z,כלל האוכלוסיה,118,99,437,11,13,51,2.5,10.7,13.3,0.2,1.4,1.6
2021-09-13T00:00:00.000Z,מתחת לגיל 60,34,31,198,3,6,26,1,3.8,6.3,0.1,0.7,0.8
2021-09-13T00:00:00.000Z,מעל גיל 60,84,68,238,8,7,25,6.6,57.8,164.8,0.6,5.9,17.3
2021-09-14T00:00:00.000Z,מתחת לגיל 60,31,28,205,1,4,26,0.9,3.4,6.5,0,0.5,0.8
2021-09-14T00:00:00.000Z,מעל גיל 60,81,66,232,11,6,29,6.3,56.1,161.1,0.9,5.1,20.1
2021-09-14T00:00:00.000Z,כלל האוכלוסיה,112,94,438,12,10,55,2.4,10,13.3,0.3,1.1,1.7
2021-09-15T00:00:00.000Z,מתחת לגיל 60,30,25,214,2,2,28,0.9,2.9,6.8,0.1,0.2,0.9
2021-09-15T00:00:00.000Z,מעל גיל 60,78,65,220,12,10,23,6.1,54.3,153.1,0.9,8.4,16
2021-09-15T00:00:00.000Z,כלל האוכלוסיה,108,90,435,14,12,51,2.3,9.3,13.3,0.3,1.2,1.6
2021-09-16T00:00:00.000Z,כלל האוכלוסיה,97,94,425,4,11,47,2.1,9.2,13,0.1,1.1,1.4
2021-09-16T00:00:00.000Z,מתחת לגיל 60,25,28,202,1,4,16,0.7,3.1,6.4,0,0.4,0.5
2021-09-16T00:00:00.000Z,מעל גיל 60,72,66,222,3,7,31,5.6,53.7,154.6,0.2,5.7,21.6
2021-09-17T00:00:00.000Z,מעל גיל 60,80,67,232,9,5,23,6.3,54.5,162,0.7,4.1,16.1
2021-09-17T00:00:00.000Z,כלל האוכלוסיה,105,97,450,10,10,52,2.3,9.4,13.7,0.2,1,1.6
2021-09-17T00:00:00.000Z,מתחת לגיל 60,25,30,217,1,5,29,0.7,3.3,6.9,0,0.6,0.9
2021-09-18T00:00:00.000Z,כלל האוכלוסיה,106,98,481,13,13,81,2.3,9.2,14.7,0.3,1.2,2.5
2021-09-18T00:00:00.000Z,מעל גיל 60,77,72,256,9,10,45,6,57.8,179,0.7,8,31.5
2021-09-18T00:00:00.000Z,מתחת לגיל 60,29,26,224,4,3,36,0.9,2.8,7.2,0.1,0.3,1.1
2021-09-19T00:00:00.000Z,כלל האוכלוסיה,108,97,496,12,8,64,2.3,9.2,15.2,0.3,0.8,2
2021-09-19T00:00:00.000Z,מעל גיל 60,84,69,264,12,4,34,6.6,56.3,185.2,0.9,3.3,23.9
2021-09-19T00:00:00.000Z,מתחת לגיל 60,24,28,231,0,4,30,0.7,3,7.4,0,0.4,1
2021-09-20T00:00:00.000Z,מתחת לגיל 60,23,24,227,3,2,29,0.7,2.5,7.3,0.1,0.2,0.9
2021-09-20T00:00:00.000Z,מעל גיל 60,84,73,250,9,10,30,6.6,59.8,175.9,0.7,8.2,21.1
2021-09-20T00:00:00.000Z,כלל האוכלוסיה,107,97,478,12,12,59,2.3,9.1,14.6,0.3,1.1,1.8
2021-09-21T00:00:00.000Z,מתחת לגיל 60,21,23,240,1,6,40,0.6,2.3,7.7,0,0.6,1.3
2021-09-21T00:00:00.000Z,כלל האוכלוסיה,102,97,483,9,15,63,2.2,8.7,14.8,0.2,1.3,1.9
2021-09-21T00:00:00.000Z,מעל גיל 60,81,74,242,8,9,23,6.3,59.1,170.6,0.6,7.2,16.2
2021-09-22T00:00:00.000Z,מתחת לגיל 60,21,23,244,2,4,28,0.6,2.3,7.8,0.1,0.4,0.9
2021-09-22T00:00:00.000Z,כלל האוכלוסיה,105,103,509,9,15,63,2.3,9,15.6,0.2,1.3,1.9
2021-09-22T00:00:00.000Z,מעל גיל 60,84,80,264,7,11,35,6.6,63.1,186.6,0.5,8.7,24.7
2021-09-23T00:00:00.000Z,מתחת לגיל 60,23,20,256,4,2,36,0.7,1.9,8.2,0.1,0.2,1.2
2021-09-23T00:00:00.000Z,כלל האוכלוסיה,104,100,507,17,9,58,2.3,8.5,15.6,0.4,0.8,1.8
2021-09-23T00:00:00.000Z,מעל גיל 60,81,80,251,13,7,22,6.4,62.7,177.9,1,5.5,15.6
2021-09-24T00:00:00.000Z,מעל גיל 60,77,69,245,8,7,24,6,53.4,174,0.6,5.4,17
2021-09-24T00:00:00.000Z,מתחת לגיל 60,21,21,253,0,5,22,0.6,2,8.1,0,0.5,0.7
2021-09-24T00:00:00.000Z,כלל האוכלוסיה,98,90,498,8,12,46,2.2,7.5,15.3,0.2,1,1.4
2021-09-25T00:00:00.000Z,מתחת לגיל 60,20,19,248,1,2,24,0.6,1.7,8,0,0.2,0.8
2021-09-25T00:00:00.000Z,מעל גיל 60,77,70,238,10,8,24,6.1,53.2,169.3,0.8,6.1,17.1
2021-09-25T00:00:00.000Z,כלל האוכלוסיה,97,89,486,11,10,48,2.2,7.2,15,0.2,0.8,1.5
2021-09-26T00:00:00.000Z,מתחת לגיל 60,21,21,253,2,3,25,0.6,1.9,8.2,0.1,0.3,0.8
2021-09-26T00:00:00.000Z,כלל האוכלוסיה,97,91,502,11,7,54,2.1,7.5,15.5,0.2,0.6,1.7
2021-09-26T00:00:00.000Z,מעל גיל 60,76,70,249,9,4,29,6,53.9,177.7,0.7,3.1,20.7
2021-09-27T00:00:00.000Z,מתחת לגיל 60,22,21,248,3,3,26,0.7,2,8,0.1,0.3,0.8
2021-09-27T00:00:00.000Z,כלל האוכלוסיה,89,86,487,8,8,46,2,7.2,15,0.2,0.7,1.4
2021-09-27T00:00:00.000Z,מעל גיל 60,67,65,239,5,5,20,5.3,50.6,171.1,0.4,3.9,14.3
2021-09-28T00:00:00.000Z,מעל גיל 60,68,62,233,9,8,23,5.3,47.6,167.1,0.7,6.1,16.5
2021-09-28T00:00:00.000Z,כלל האוכלוסיה,91,81,472,11,10,37,2,6.6,14.6,0.2,0.8,1.1
2021-09-28T00:00:00.000Z,מתחת לגיל 60,23,19,239,2,2,14,0.7,1.7,7.7,0.1,0.2,0.5
2021-09-29T00:00:00.000Z,כלל האוכלוסיה,89,80,480,8,8,39,2,6.7,14.9,0.2,0.7,1.2
2021-09-29T00:00:00.000Z,מעל גיל 60,69,60,243,8,5,24,5.4,47,175.1,0.6,3.9,17.3
2021-09-29T00:00:00.000Z,מתחת לגיל 60,20,20,237,0,3,15,0.6,1.9,7.7,0,0.3,0.5
2021-09-30T00:00:00.000Z,כלל האוכלוסיה,80,80,457,5,12,40,1.8,7.1,14.2,0.1,1.1,1.2
2021-09-30T00:00:00.000Z,מעל גיל 60,64,57,237,4,8,25,5,46.6,171.8,0.3,6.5,18.1
2021-09-30T00:00:00.000Z,מתחת לגיל 60,16,23,220,1,4,15,0.5,2.3,7.1,0,0.4,0.5
2021-10-01T00:00:00.000Z,מעל גיל 60,60,50,229,5,5,24,4.7,40.9,166.6,0.4,4.1,17.5
2021-10-01T00:00:00.000Z,כלל האוכלוסיה,75,73,440,6,6,37,1.7,6.5,13.7,0.1,0.5,1.2
2021-10-01T00:00:00.000Z,מתחת לגיל 60,15,23,211,1,1,13,0.5,2.3,6.9,0,0.1,0.4
2021-10-02T00:00:00.000Z,מתחת לגיל 60,13,24,209,0,4,16,0.4,2.4,6.8,0,0.4,0.5
2021-10-02T00:00:00.000Z,מעל גיל 60,56,47,224,2,3,18,4.4,38.2,163.3,0.2,2.4,13.1
2021-10-02T00:00:00.000Z,כלל האוכלוסיה,69,71,433,2,7,34,1.5,6.3,13.5,0,0.6,1.1
2021-10-03T00:00:00.000Z,מעל גיל 60,53,47,216,4,4,19,4.1,39.8,158.6,0.3,3.4,13.9
2021-10-03T00:00:00.000Z,מתחת לגיל 60,14,24,208,1,2,10,0.4,2.5,6.8,0,0.2,0.3
2021-10-03T00:00:00.000Z,כלל האוכלוסיה,67,71,424,5,6,29,1.5,6.6,13.3,0.1,0.6,0.9
2021-10-04T00:00:00.000Z,מתחת לגיל 60,13,17,206,2,0,16,0.4,1.9,6.8,0.1,0,0.5
2021-10-04T00:00:00.000Z,מעל גיל 60,55,43,202,5,3,13,4.3,37.6,149.3,0.4,2.6,9.6
2021-10-04T00:00:00.000Z,כלל האוכלוסיה,68,60,408,7,3,29,1.5,5.8,12.8,0.2,0.3,0.9
2021-10-05T00:00:00.000Z,מתחת לגיל 60,13,13,190,0,0,11,0.4,1.5,6.2,0,0,0.4
2021-10-05T00:00:00.000Z,כלל האוכלוסיה,68,46,377,3,1,30,1.5,4.6,11.9,0.1,0.1,0.9
2021-10-05T00:00:00.000Z,מעל גיל 60,55,33,187,3,1,19,4.3,29.5,138.9,0.2,0.9,14.1
2021-10-06T00:00:00.000Z,מעל גיל 60,48,27,177,2,3,11,3.7,24.4,132.2,0.2,2.7,8.2
2021-10-06T00:00:00.000Z,כלל האוכלוסיה,61,42,371,5,6,29,1.3,4.3,11.7,0.1,0.6,0.9
2021-10-06T00:00:00.000Z,מתחת לגיל 60,13,15,194,3,3,18,0.4,1.7,6.4,0.1,0.3,0.6
2021-10-07T00:00:00.000Z,מעל גיל 60,50,25,168,2,4,14,3.9,22.8,126,0.2,3.6,10.5
2021-10-07T00:00:00.000Z,כלל האוכלוסיה,64,38,350,3,4,25,1.4,3.9,11.1,0.1,0.4,0.8
2021-10-07T00:00:00.000Z,מתחת לגיל 60,14,13,182,1,0,11,0.4,1.5,6,0,0,0.4
2021-10-08T00:00:00.000Z,מתחת לגיל 60,11,14,182,0,3,17,0.3,1.6,6,0,0.4,0.6
2021-10-08T00:00:00.000Z,כלל האוכלוסיה,55,40,353,1,6,37,1.2,4.2,11.2,0,0.6,1.2
2021-10-08T00:00:00.000Z,מעל גיל 60,44,26,171,1,3,20,3.4,23.6,128.6,0.1,2.7,15
2021-10-09T00:00:00.000Z,כלל האוכלוסיה,60,42,342,6,5,21,1.3,4.4,10.8,0.1,0.5,0.7
2021-10-09T00:00:00.000Z,מעל גיל 60,48,28,167,4,4,12,3.7,25.3,125.8,0.3,3.6,9
2021-10-09T00:00:00.000Z,מתחת לגיל 60,12,14,175,2,1,9,0.3,1.6,5.8,0.1,0.1,0.3
2021-10-10T00:00:00.000Z,מתחת לגיל 60,11,14,178,0,1,11,0.3,1.7,5.9,0,0.1,0.4
2021-10-10T00:00:00.000Z,כלל האוכלוסיה,58,41,345,4,3,24,1.2,4.3,10.9,0.1,0.3,0.8
2021-10-10T00:00:00.000Z,מעל גיל 60,47,27,167,4,2,13,3.6,24.7,126.2,0.3,1.8,9.8
2021-10-11T00:00:00.000Z,מתחת לגיל 60,12,13,169,1,1,7,0.3,1.6,5.6,0,0.1,0.2
2021-10-11T00:00:00.000Z,מעל גיל 60,50,27,156,7,4,13,3.8,25,118.3,0.5,3.7,9.9
2021-10-11T00:00:00.000Z,כלל האוכלוסיה,62,40,325,8,5,20,1.3,4.3,10.3,0.2,0.5,0.6
2021-10-12T00:00:00.000Z,מתחת לגיל 60,10,14,164,0,2,8,0.3,1.7,5.4,0,0.2,0.3
2021-10-12T00:00:00.000Z,כלל האוכלוסיה,60,39,313,4,4,16,1.2,4.2,10,0.1,0.4,0.5
2021-10-12T00:00:00.000Z,מעל גיל 60,50,25,149,4,2,8,3.8,23.2,113.4,0.3,1.9,6.1
2021-10-13T00:00:00.000Z,מתחת לגיל 60,12,15,160,2,2,9,0.3,1.8,5.3,0.1,0.2,0.3
2021-10-13T00:00:00.000Z,מעל גיל 60,48,23,142,3,2,10,3.7,21.4,108.4,0.2,1.9,7.6
2021-10-13T00:00:00.000Z,כלל האוכלוסיה,60,38,302,5,4,19,1.2,4,9.6,0.1,0.4,0.6
2021-10-14T00:00:00.000Z,מעל גיל 60,48,22,129,4,2,10,3.7,20.5,98.8,0.3,1.9,7.7
2021-10-14T00:00:00.000Z,כלל האוכלוסיה,59,36,282,5,2,18,1.2,3.8,9,0.1,0.2,0.6
2021-10-14T00:00:00.000Z,מתחת לגיל 60,11,14,153,1,0,8,0.3,1.7,5.1,0,0,0.3
2021-10-15T00:00:00.000Z,מתחת לגיל 60,12,13,152,1,1,10,0.3,1.6,5.1,0,0.1,0.3
2021-10-15T00:00:00.000Z,כלל האוכלוסיה,60,36,274,7,2,20,1.2,3.8,8.7,0.1,0.2,0.6
2021-10-15T00:00:00.000Z,מעל גיל 60,48,23,122,6,1,10,3.7,21.4,93.7,0.5,0.9,7.7
2021-10-16T00:00:00.000Z,מעל גיל 60,45,18,117,1,0,5,3.4,16.7,90,0.1,0,3.8
2021-10-16T00:00:00.000Z,מתחת לגיל 60,12,14,161,0,1,15,0.3,1.7,5.4,0,0.1,0.5
2021-10-16T00:00:00.000Z,כלל האוכלוסיה,57,32,278,1,1,20,1.1,3.4,8.9,0,0.1,0.6
2021-10-17T00:00:00.000Z,מתחת לגיל 60,12,14,163,1,1,7,0.3,1.7,5.4,0,0.1,0.2
2021-10-17T00:00:00.000Z,כלל האוכלוסיה,58,33,282,2,4,18,1.2,3.5,9,0,0.4,0.6
2021-10-17T00:00:00.000Z,מעל גיל 60,46,19,119,1,3,11,3.5,17.7,91.9,0.1,2.8,8.5
2021-10-18T00:00:00.000Z,מעל גיל 60,45,18,116,2,2,7,3.4,16.9,89.8,0.2,1.9,5.4
2021-10-18T00:00:00.000Z,מתחת לגיל 60,10,12,151,1,0,7,0.3,1.5,5,0,0,0.2
2021-10-18T00:00:00.000Z,כלל האוכלוסיה,55,30,267,3,2,14,1.1,3.2,8.5,0.1,0.2,0.4
2021-10-19T00:00:00.000Z,מתחת לגיל 60,10,12,145,0,0,7,0.3,1.5,4.8,0,0,0.2
2021-10-19T00:00:00.000Z,מעל גיל 60,47,15,117,5,0,10,3.6,14.1,90.8,0.4,0,7.8
2021-10-19T00:00:00.000Z,כלל האוכלוסיה,57,27,262,5,0,17,1.1,2.9,8.4,0.1,0,0.5
2021-10-20T00:00:00.000Z,מעל גיל 60,46,13,116,1,1,10,3.5,12.2,90.3,0.1,0.9,7.8
2021-10-20T00:00:00.000Z,כלל האוכלוסיה,54,23,256,1,1,14,1.1,2.5,8.2,0,0.1,0.4
2021-10-20T00:00:00.000Z,מתחת לגיל 60,8,10,140,0,0,4,0.2,1.2,4.7,0,0,0.1
2021-10-21T00:00:00.000Z,מעל גיל 60,40,12,110,2,0,6,3,11.3,85.9,0.2,0,4.7
2021-10-21T00:00:00.000Z,מתחת לגיל 60,7,9,130,0,1,4,0.2,1.1,4.3,0,0.1,0.1
2021-10-21T00:00:00.000Z,כלל האוכלוסיה,47,21,240,2,1,10,0.9,2.3,7.7,0,0.1,0.3
2021-10-22T00:00:00.000Z,מתחת לגיל 60,8,9,131,1,0,9,0.2,1.1,4.4,0,0,0.3
2021-10-22T00:00:00.000Z,כלל האוכלוסיה,41,23,236,3,2,14,0.8,2.5,7.6,0.1,0.2,0.4
2021-10-22T00:00:00.000Z,מעל גיל 60,33,14,105,2,2,5,2.5,13.2,82.1,0.2,1.9,3.9
2021-10-23T00:00:00.000Z,כלל האוכלוסיה,41,24,226,2,3,6,0.8,2.6,7.3,0,0.3,0.2
2021-10-23T00:00:00.000Z,מעל גיל 60,32,15,100,1,2,3,2.4,14.2,78.4,0.1,1.9,2.4
2021-10-23T00:00:00.000Z,מתחת לגיל 60,9,9,126,1,1,3,0.2,1.1,4.2,0,0.1,0.1
2021-10-24T00:00:00.000Z,מעל גיל 60,29,15,96,1,1,3,2.2,14.3,75.5,0.1,1,2.4
2021-10-24T00:00:00.000Z,כלל האוכלוסיה,37,24,219,1,1,6,0.7,2.6,7,0,0.1,0.2
2021-10-24T00:00:00.000Z,מתחת לגיל 60,8,9,123,0,0,3,0.2,1.1,4.1,0,0,0.1
2021-10-25T00:00:00.000Z,כלל האוכלוסיה,37,21,201,4,2,7,0.7,2.3,6.5,0.1,0.2,0.2
2021-10-25T00:00:00.000Z,מתחת לגיל 60,6,8,114,0,1,3,0.2,1,3.8,0,0.1,0.1
2021-10-25T00:00:00.000Z,מעל גיל 60,31,13,87,4,1,4,2.3,12.4,68.6,0.3,1,3.2
2021-10-26T00:00:00.000Z,מעל גיל 60,30,12,79,1,1,4,2.3,11.5,62.5,0.1,1,3.2
2021-10-26T00:00:00.000Z,מתחת לגיל 60,5,8,108,0,0,2,0.1,1,3.6,0,0,0.1
2021-10-26T00:00:00.000Z,כלל האוכלוסיה,35,20,187,1,1,6,0.7,2.2,6,0,0.1,0.2
2021-10-27T00:00:00.000Z,מתחת לגיל 60,4,7,105,1,1,5,0.1,0.9,3.5,0,0.1,0.2
2021-10-27T00:00:00.000Z,מעל גיל 60,26,11,80,1,2,6,2,10.6,63.5,0.1,1.9,4.8
2021-10-27T00:00:00.000Z,כלל האוכלוסיה,30,18,185,2,3,11,0.6,2,6,0,0.3,0.4
2021-10-28T00:00:00.000Z,מתחת לגיל 60,3,6,104,0,1,3,0.1,0.8,3.5,0,0.1,0.1
2021-10-28T00:00:00.000Z,מעל גיל 60,26,12,82,2,2,9,2,11.6,65.2,0.2,1.9,7.2
2021-10-28T00:00:00.000Z,כלל האוכלוסיה,29,18,186,2,3,12,0.6,2,6,0,0.3,0.4
2021-10-29T00:00:00.000Z,מעל גיל 60,23,10,80,1,0,5,1.7,9.6,63.8,0.1,0,4
2021-10-29T00:00:00.000Z,כלל האוכלוסיה,26,15,178,1,0,7,0.5,1.7,5.7,0,0,0.2
2021-10-29T00:00:00.000Z,מתחת לגיל 60,3,5,98,0,0,2,0.1,0.6,3.3,0,0,0.1
2021-10-30T00:00:00.000Z,מתחת לגיל 60,3,4,100,0,0,5,0.1,0.5,3.4,0,0,0.2
2021-10-30T00:00:00.000Z,מעל גיל 60,24,9,77,4,0,0,1.8,8.6,61.5,0.3,0,0
2021-10-30T00:00:00.000Z,כלל האוכלוסיה,27,13,177,4,0,5,0.5,1.4,5.7,0.1,0,0.2
2021-10-31T00:00:00.000Z,כלל האוכלוסיה,28,17,175,3,4,7,0.5,1.9,5.6,0.1,0.4,0.2
2021-10-31T00:00:00.000Z,מעל גיל 60,25,12,74,3,3,2,1.9,11.6,59.2,0.2,2.9,1.6
2021-10-31T00:00:00.000Z,מתחת לגיל 60,3,5,101,0,1,5,0.1,0.6,3.4,0,0.1,0.2
2021-11-01T00:00:00.000Z,כלל האוכלוסיה,29,13,170,2,0,11,0.6,1.5,5.5,0,0,0.4
2021-11-01T00:00:00.000Z,מתחת לגיל 60,4,3,97,1,0,4,0.1,0.4,3.3,0,0,0.1
2021-11-01T00:00:00.000Z,מעל גיל 60,25,10,73,1,0,7,1.9,9.7,58.6,0.1,0,5.6
2021-11-02T00:00:00.000Z,כלל האוכלוסיה,28,16,164,0,3,7,0.5,1.8,5.3,0,0.3,0.2
2021-11-02T00:00:00.000Z,מתחת לגיל 60,4,3,92,0,0,4,0.1,0.4,3.1,0,0,0.1
2021-11-02T00:00:00.000Z,מעל גיל 60,24,13,72,0,3,3,1.8,12.6,58,0,2.9,2.4
2021-11-03T00:00:00.000Z,מתחת לגיל 60,3,3,88,0,0,3,0.1,0.4,3,0,0,0.1
2021-11-03T00:00:00.000Z,כלל האוכלוסיה,23,12,158,1,0,5,0.4,1.3,5.1,0,0,0.2
2021-11-03T00:00:00.000Z,מעל גיל 60,20,9,70,1,0,2,1.5,8.7,56.5,0.1,0,1.6
2021-11-04T00:00:00.000Z,מעל גיל 60,19,5,67,0,1,2,1.4,4.8,54.2,0,1,1.6
2021-11-04T00:00:00.000Z,מתחת לגיל 60,2,3,82,0,0,0,0.1,0.4,2.8,0,0,0
2021-11-04T00:00:00.000Z,כלל האוכלוסיה,21,8,149,0,1,2,0.4,0.9,4.8,0,0.1,0.1
2021-11-05T00:00:00.000Z,מתחת לגיל 60,2,4,79,0,1,1,0.1,0.5,2.7,0,0.1,0
2021-11-05T00:00:00.000Z,מעל גיל 60,18,5,67,1,1,3,1.4,4.8,54.4,0.1,1,2.4
2021-11-05T00:00:00.000Z,כלל האוכלוסיה,20,9,146,1,2,4,0.4,1,4.7,0,0.2,0.1
2021-11-06T00:00:00.000Z,כלל האוכלוסיה,20,9,147,1,1,3,0.4,1,4.8,0,0.1,0.1
2021-11-06T00:00:00.000Z,מעל גיל 60,18,4,67,1,0,1,1.4,3.8,54.4,0.1,0,0.8
2021-11-06T00:00:00.000Z,מתחת לגיל 60,2,5,80,0,1,2,0.1,0.6,2.7,0,0.1,0.1
2021-11-07T00:00:00.000Z,מעל גיל 60,19,4,63,1,0,1,1.4,3.9,51.3,0.1,0,0.8
2021-11-07T00:00:00.000Z,כלל האוכלוסיה,21,9,141,1,0,1,0.4,1,4.6,0,0,0
2021-11-07T00:00:00.000Z,מתחת לגיל 60,2,5,78,0,0,0,0.1,0.6,2.6,0,0,0
2021-11-08T00:00:00.000Z,מתחת לגיל 60,2,4,79,0,0,3,0.1,0.5,2.7,0,0,0.1
2021-11-08T00:00:00.000Z,כלל האוכלוסיה,18,8,139,1,1,5,0.3,0.9,4.5,0,0.1,0.2
2021-11-08T00:00:00.000Z,מעל גיל 60,16,4,60,1,1,2,1.2,3.9,49,0.1,1,1.6
2021-11-09T00:00:00.000Z,כלל האוכלוסיה,18,7,131,1,1,5,0.3,0.8,4.2,0,0.1,0.2
2021-11-09T00:00:00.000Z,מעל גיל 60,16,4,56,1,1,4,1.2,3.9,45.8,0.1,1,3.3
2021-11-09T00:00:00.000Z,מתחת לגיל 60,2,3,75,0,0,1,0.1,0.4,2.5,0,0,0
2021-11-10T00:00:00.000Z,מתחת לגיל 60,2,3,76,0,0,4,0.1,0.4,2.6,0,0,0.1
2021-11-10T00:00:00.000Z,כלל האוכלוסיה,15,6,127,0,0,8,0.3,0.7,4.1,0,0,0.3
2021-11-10T00:00:00.000Z,מעל גיל 60,13,3,51,0,0,4,1,2.9,41.8,0,0,3.3
2021-11-11T00:00:00.000Z,כלל האוכלוסיה,15,7,125,0,1,7,0.3,0.8,4.1,0,0.1,0.2
2021-11-11T00:00:00.000Z,מעל גיל 60,13,4,52,0,1,4,1,3.9,42.8,0,1,3.3
2021-11-11T00:00:00.000Z,מתחת לגיל 60,2,3,73,0,0,3,0.1,0.4,2.5,0,0,0.1
2021-11-12T00:00:00.000Z,מתחת לגיל 60,2,4,76,0,1,4,0.1,0.5,2.6,0,0.1,0.1
2021-11-12T00:00:00.000Z,מעל גיל 60,13,5,49,0,1,1,1,4.8,40.4,0,1,0.8
2021-11-12T00:00:00.000Z,כלל האוכלוסיה,15,9,125,0,2,5,0.3,1,4.1,0,0.2,0.2
2021-11-13T00:00:00.000Z,כלל האוכלוסיה,16,8,127,1,0,4,0.3,0.9,4.1,0,0,0.1
2021-11-13T00:00:00.000Z,מעל גיל 60,14,4,50,1,0,2,1.1,3.9,41.3,0.1,0,1.7
2021-11-13T00:00:00.000Z,מתחת לגיל 60,2,4,77,0,0,2,0.1,0.5,2.6,0,0,0.1
2021-11-14T00:00:00.000Z,מתחת לגיל 60,2,3,77,0,0,1,0.1,0.4,2.6,0,0,0
2021-11-14T00:00:00.000Z,מעל גיל 60,15,4,50,2,0,2,1.1,3.9,41.3,0.2,0,1.7
2021-11-14T00:00:00.000Z,כלל האוכלוסיה,17,7,127,2,0,3,0.3,0.8,4.1,0,0,0.1
2021-11-15T00:00:00.000Z,מעל גיל 60,14,4,47,1,0,2,1.1,3.9,39,0.1,0,1.7
2021-11-15T00:00:00.000Z,כלל האוכלוסיה,16,7,117,1,0,5,0.3,0.8,3.8,0,0,0.2
2021-11-15T00:00:00.000Z,מתחת לגיל 60,2,3,70,0,0,3,0.1,0.4,2.4,0,0,0.1
2021-11-16T00:00:00.000Z,כלל האוכלוסיה,17,5,115,2,0,4,0.3,0.6,3.7,0,0,0.1
2021-11-16T00:00:00.000Z,מתחת לגיל 60,2,3,68,0,0,1,0.1,0.4,2.3,0,0,0
2021-11-16T00:00:00.000Z,מעל גיל 60,15,2,47,2,0,3,1.1,1.9,39,0.2,0,2.5
2021-11-17T00:00:00.000Z,כלל האוכלוסיה,18,5,115,2,0,5,0.3,0.6,3.7,0,0,0.2
2021-11-17T00:00:00.000Z,מעל גיל 60,16,2,51,2,0,5,1.2,1.9,42.4,0.2,0,4.2
2021-11-17T00:00:00.000Z,מתחת לגיל 60,2,3,64,0,0,0,0.1,0.4,2.2,0,0,0
2021-11-18T00:00:00.000Z,מעל גיל 60,14,2,48,0,0,3,1,1.9,40,0,0,2.5
2021-11-18T00:00:00.000Z,מתחת לגיל 60,2,3,65,0,0,2,0.1,0.4,2.2,0,0,0.1
2021-11-18T00:00:00.000Z,כלל האוכלוסיה,16,5,113,0,0,5,0.3,0.6,3.7,0,0,0.2
2021-11-19T00:00:00.000Z,מתחת לגיל 60,2,3,62,0,0,1,0.1,0.4,2.1,0,0,0
2021-11-19T00:00:00.000Z,כלל האוכלוסיה,16,5,105,1,0,2,0.3,0.6,3.4,0,0,0.1
2021-11-19T00:00:00.000Z,מעל גיל 60,14,2,43,1,0,1,1,1.9,35.9,0.1,0,0.8
2021-11-20T00:00:00.000Z,מתחת לגיל 60,2,4,63,0,1,1,0.1,0.5,2.1,0,0.1,0
2021-11-20T00:00:00.000Z,כלל האוכלוסיה,15,7,107,1,2,5,0.3,0.8,3.5,0,0.2,0.2
2021-11-20T00:00:00.000Z,מעל גיל 60,13,3,44,1,1,4,1,2.9,36.8,0.1,1,3.3
2021-11-21T00:00:00.000Z,כלל האוכלוסיה,14,8,109,0,1,6,0.3,0.9,3.5,0,0.1,0.2
2021-11-21T00:00:00.000Z,מתחת לגיל 60,2,4,63,0,0,2,0.1,0.5,2.1,0,0,0.1
2021-11-21T00:00:00.000Z,מעל גיל 60,12,4,46,0,1,4,0.9,3.9,38.6,0,1,3.4
2021-11-22T00:00:00.000Z,כלל האוכלוסיה,13,7,108,2,0,3,0.2,0.8,3.5,0,0,0.1
2021-11-22T00:00:00.000Z,מתחת לגיל 60,2,4,61,0,0,0,0.1,0.5,2.1,0,0,0
2021-11-22T00:00:00.000Z,מעל גיל 60,11,3,47,2,0,3,0.8,2.9,39.5,0.1,0,2.5
2021-11-23T00:00:00.000Z,כלל האוכלוסיה,13,7,99,1,0,1,0.2,0.8,3.2,0,0,0
2021-11-23T00:00:00.000Z,מעל גיל 60,11,3,42,1,0,0,0.8,2.9,35.4,0.1,0,0
2021-11-23T00:00:00.000Z,מתחת לגיל 60,2,4,57,0,0,1,0.1,0.5,1.9,0,0,0
