day_date,age_group,death_amount_vaccinated,death_amount_expired,death_amount_not_vaccinated,death_vaccinated_normalized,death_expired_normalized,death_not_vaccinated_normalized
2021-01-17T00:00:00.000Z,כלל האוכלוסיה,0,0,30,0,0,0.4
2021-01-17T00:00:00.000Z,מתחת לגיל 60,0,0,5,0,0,0.1
2021-01-17T00:00:00.000Z,מעל גיל 60,0,0,25,0,0,5.3
2021-01-18T00:00:00.000Z,מתחת לגיל 60,0,0,8,0,0,0.1
2021-01-18T00:00:00.000Z,כלל האוכלוסיה,0,0,26,0,0,0.4
2021-01-18T00:00:00.000Z,מעל גיל 60,0,0,18,0,0,3.9
2021-01-19T00:00:00.000Z,מתחת לגיל 60,0,0,1,0,0,0
2021-01-19T00:00:00.000Z,מעל גיל 60,0,0,21,0,0,4.6
2021-01-19T00:00:00.000Z,כלל האוכלוסיה,0,0,22,0,0,0.3
2021-01-20T00:00:00.000Z,מעל גיל 60,0,0,34,0,0,7.5
2021-01-20T00:00:00.000Z,כלל האוכלוסיה,0,0,36,0,0,0.5
2021-01-20T00:00:00.000Z,מתחת לגיל 60,0,0,2,0,0,0
2021-01-21T00:00:00.000Z,מעל גיל 60,0,0,29,0,0,6.5
2021-01-21T00:00:00.000Z,כלל האוכלוסיה,0,0,31,0,0,0.5
2021-01-21T00:00:00.000Z,מתחת לגיל 60,0,0,2,0,0,0
2021-01-22T00:00:00.000Z,מעל גיל 60,0,0,37,0,0,8.4
2021-01-22T00:00:00.000Z,כלל האוכלוסיה,0,0,39,0,0,0.6
2021-01-22T00:00:00.000Z,מתחת לגיל 60,0,0,2,0,0,0
2021-01-23T00:00:00.000Z,מעל גיל 60,0,0,26,0,0,5.9
2021-01-23T00:00:00.000Z,מתחת לגיל 60,0,0,4,0,0,0.1
2021-01-23T00:00:00.000Z,כלל האוכלוסיה,0,0,30,0,0,0.4
2021-01-24T00:00:00.000Z,כלל האוכלוסיה,3,0,35,0.8,0,0.5
2021-01-24T00:00:00.000Z,מעל גיל 60,3,0,31,1.2,0,7.2
2021-01-24T00:00:00.000Z,מתחת לגיל 60,0,0,4,0,0,0.1
2021-01-25T00:00:00.000Z,כלל האוכלוסיה,1,0,39,0.2,0,0.6
2021-01-25T00:00:00.000Z,מעל גיל 60,1,0,35,0.3,0,8.2
2021-01-25T00:00:00.000Z,מתחת לגיל 60,0,0,4,0,0,0.1
2021-01-26T00:00:00.000Z,כלל האוכלוסיה,1,0,30,0.2,0,0.5
2021-01-26T00:00:00.000Z,מתחת לגיל 60,0,0,4,0,0,0.1
2021-01-26T00:00:00.000Z,מעל גיל 60,1,0,26,0.2,0,6.2
2021-01-27T00:00:00.000Z,כלל האוכלוסיה,1,0,33,0.1,0,0.5
2021-01-27T00:00:00.000Z,מתחת לגיל 60,0,0,2,0,0,0
2021-01-27T00:00:00.000Z,מעל גיל 60,1,0,31,0.2,0,7.5
2021-01-28T00:00:00.000Z,מעל גיל 60,2,0,27,0.3,0,6.6
2021-01-28T00:00:00.000Z,כלל האוכלוסיה,3,0,28,0.3,0,0.4
2021-01-28T00:00:00.000Z,מתחת לגיל 60,1,0,1,0.3,0,0
2021-01-29T00:00:00.000Z,מעל גיל 60,1,0,26,0.2,0,6.4
2021-01-29T00:00:00.000Z,כלל האוכלוסיה,1,0,30,0.1,0,0.5
2021-01-29T00:00:00.000Z,מתחת לגיל 60,0,0,4,0,0,0.1
2021-01-30T00:00:00.000Z,כלל האוכלוסיה,3,0,17,0.3,0,0.3
2021-01-30T00:00:00.000Z,מעל גיל 60,3,0,12,0.4,0,3
2021-01-30T00:00:00.000Z,מתחת לגיל 60,0,0,5,0,0,0.1
2021-01-31T00:00:00.000Z,מעל גיל 60,12,0,22,1.6,0,5.5
2021-01-31T00:00:00.000Z,כלל האוכלוסיה,12,0,23,1,0,0.4
2021-01-31T00:00:00.000Z,מתחת לגיל 60,0,0,1,0,0,0
2021-02-01T00:00:00.000Z,כלל האוכלוסיה,4,0,20,0.3,0,0.3
2021-02-01T00:00:00.000Z,מעל גיל 60,4,0,19,0.5,0,4.8
2021-02-01T00:00:00.000Z,מתחת לגיל 60,0,0,1,0,0,0
2021-02-02T00:00:00.000Z,מתחת לגיל 60,0,0,5,0,0,0.1
2021-02-02T00:00:00.000Z,מעל גיל 60,8,0,29,0.9,0,7.5
2021-02-02T00:00:00.000Z,כלל האוכלוסיה,8,0,34,0.5,0,0.6
2021-02-03T00:00:00.000Z,מעל גיל 60,10,0,21,1.1,0,5.5
2021-02-03T00:00:00.000Z,מתחת לגיל 60,0,0,5,0,0,0.1
2021-02-03T00:00:00.000Z,כלל האוכלוסיה,10,0,26,0.6,0,0.4
2021-02-04T00:00:00.000Z,כלל האוכלוסיה,7,0,24,0.4,0,0.4
2021-02-04T00:00:00.000Z,מעל גיל 60,7,0,23,0.7,0,6.1
2021-02-04T00:00:00.000Z,מתחת לגיל 60,0,0,1,0,0,0
2021-02-05T00:00:00.000Z,מתחת לגיל 60,0,0,1,0,0,0
2021-02-05T00:00:00.000Z,כלל האוכלוסיה,7,0,17,0.4,0,0.3
2021-02-05T00:00:00.000Z,מעל גיל 60,7,0,16,0.7,0,4.2
2021-02-06T00:00:00.000Z,מתחת לגיל 60,0,0,2,0,0,0
2021-02-06T00:00:00.000Z,מעל גיל 60,9,0,25,0.9,0,6.7
2021-02-06T00:00:00.000Z,כלל האוכלוסיה,9,0,27,0.5,0,0.5
2021-02-07T00:00:00.000Z,מעל גיל 60,7,0,23,0.7,0,6.2
2021-02-07T00:00:00.000Z,מתחת לגיל 60,0,0,3,0,0,0.1
2021-02-07T00:00:00.000Z,כלל האוכלוסיה,7,0,26,0.4,0,0.4
2021-02-08T00:00:00.000Z,מעל גיל 60,6,0,15,0.6,0,4.1
2021-02-08T00:00:00.000Z,כלל האוכלוסיה,6,0,20,0.3,0,0.3
2021-02-08T00:00:00.000Z,מתחת לגיל 60,0,0,5,0,0,0.1
2021-02-09T00:00:00.000Z,מתחת לגיל 60,1,0,4,0.1,0,0.1
2021-02-09T00:00:00.000Z,מעל גיל 60,4,0,22,0.4,0,6.1
2021-02-09T00:00:00.000Z,כלל האוכלוסיה,5,0,26,0.3,0,0.5
2021-02-10T00:00:00.000Z,מתחת לגיל 60,0,0,2,0,0,0
2021-02-10T00:00:00.000Z,מעל גיל 60,9,0,10,0.8,0,2.8
2021-02-10T00:00:00.000Z,כלל האוכלוסיה,9,0,12,0.4,0,0.2
2021-02-11T00:00:00.000Z,כלל האוכלוסיה,8,0,17,0.4,0,0.3
2021-02-11T00:00:00.000Z,מעל גיל 60,8,0,16,0.7,0,4.5
2021-02-11T00:00:00.000Z,מתחת לגיל 60,0,0,1,0,0,0
2021-02-12T00:00:00.000Z,מתחת לגיל 60,0,0,4,0,0,0.1
2021-02-12T00:00:00.000Z,מעל גיל 60,10,0,17,0.9,0,4.8
2021-02-12T00:00:00.000Z,כלל האוכלוסיה,10,0,21,0.5,0,0.4
2021-02-13T00:00:00.000Z,מעל גיל 60,4,0,17,0.4,0,4.9
2021-02-13T00:00:00.000Z,מתחת לגיל 60,0,0,3,0,0,0.1
2021-02-13T00:00:00.000Z,כלל האוכלוסיה,4,0,20,0.2,0,0.4
2021-02-14T00:00:00.000Z,מתחת לגיל 60,0,0,4,0,0,0.1
2021-02-14T00:00:00.000Z,כלל האוכלוסיה,3,0,24,0.1,0,0.4
2021-02-14T00:00:00.000Z,מעל גיל 60,3,0,20,0.3,0,5.8
2021-02-15T00:00:00.000Z,מתחת לגיל 60,0,0,1,0,0,0
2021-02-15T00:00:00.000Z,כלל האוכלוסיה,1,0,13,0,0,0.2
2021-02-15T00:00:00.000Z,מעל גיל 60,1,0,12,0.1,0,3.6
2021-02-16T00:00:00.000Z,מתחת לגיל 60,0,0,4,0,0,0.1
2021-02-16T00:00:00.000Z,כלל האוכלוסיה,9,0,26,0.4,0,0.5
2021-02-16T00:00:00.000Z,מעל גיל 60,9,0,22,0.8,0,6.7
2021-02-17T00:00:00.000Z,מעל גיל 60,3,0,18,0.3,0,5.5
2021-02-17T00:00:00.000Z,מתחת לגיל 60,0,0,2,0,0,0
2021-02-17T00:00:00.000Z,כלל האוכלוסיה,3,0,20,0.1,0,0.4
2021-02-18T00:00:00.000Z,מעל גיל 60,5,0,18,0.4,0,5.6
2021-02-18T00:00:00.000Z,מתחת לגיל 60,0,0,1,0,0,0
2021-02-18T00:00:00.000Z,כלל האוכלוסיה,5,0,19,0.2,0,0.4
2021-02-19T00:00:00.000Z,כלל האוכלוסיה,4,0,13,0.2,0,0.3
2021-02-19T00:00:00.000Z,מעל גיל 60,4,0,10,0.4,0,3.1
2021-02-19T00:00:00.000Z,מתחת לגיל 60,0,0,3,0,0,0.1
2021-02-20T00:00:00.000Z,כלל האוכלוסיה,2,0,16,0.1,0,0.3
2021-02-20T00:00:00.000Z,מעל גיל 60,2,0,12,0.2,0,3.8
2021-02-20T00:00:00.000Z,מתחת לגיל 60,0,0,4,0,0,0.1
2021-02-21T00:00:00.000Z,כלל האוכלוסיה,4,0,16,0.2,0,0.3
2021-02-21T00:00:00.000Z,מעל גיל 60,3,0,14,0.3,0,4.5
2021-02-21T00:00:00.000Z,מתחת לגיל 60,1,0,2,0.1,0,0
2021-02-22T00:00:00.000Z,כלל האוכלוסיה,1,0,13,0,0,0.3
2021-02-22T00:00:00.000Z,מתחת לגיל 60,0,0,7,0,0,0.2
2021-02-22T00:00:00.000Z,מעל גיל 60,1,0,6,0.1,0,2
2021-02-23T00:00:00.000Z,כלל האוכלוסיה,3,0,26,0.1,0,0.5
2021-02-23T00:00:00.000Z,מעל גיל 60,2,0,23,0.2,0,7.7
2021-02-23T00:00:00.000Z,מתחת לגיל 60,1,0,3,0.1,0,0.1
2021-02-24T00:00:00.000Z,מתחת לגיל 60,0,0,4,0,0,0.1
2021-02-24T00:00:00.000Z,כלל האוכלוסיה,0,0,20,0,0,0.4
2021-02-24T00:00:00.000Z,מעל גיל 60,0,0,16,0,0,5.5
2021-02-25T00:00:00.000Z,כלל האוכלוסיה,5,0,14,0.2,0,0.3
2021-02-25T00:00:00.000Z,מעל גיל 60,5,0,10,0.4,0,3.5
2021-02-25T00:00:00.000Z,מתחת לגיל 60,0,0,4,0,0,0.1
2021-02-26T00:00:00.000Z,מעל גיל 60,2,0,12,0.2,0,4.2
2021-02-26T00:00:00.000Z,מתחת לגיל 60,0,0,3,0,0,0.1
2021-02-26T00:00:00.000Z,כלל האוכלוסיה,2,0,15,0.1,0,0.3
2021-02-27T00:00:00.000Z,מתחת לגיל 60,0,0,7,0,0,0.2
2021-02-27T00:00:00.000Z,מעל גיל 60,3,0,15,0.3,0,5.3
2021-02-27T00:00:00.000Z,כלל האוכלוסיה,3,0,22,0.1,0,0.5
2021-02-28T00:00:00.000Z,כלל האוכלוסיה,4,0,14,0.1,0,0.3
2021-02-28T00:00:00.000Z,מעל גיל 60,4,0,12,0.3,0,4.3
2021-02-28T00:00:00.000Z,מתחת לגיל 60,0,0,2,0,0,0
2021-03-01T00:00:00.000Z,כלל האוכלוסיה,3,0,12,0.1,0,0.3
2021-03-01T00:00:00.000Z,מעל גיל 60,3,0,8,0.3,0,2.9
2021-03-01T00:00:00.000Z,מתחת לגיל 60,0,0,4,0,0,0.1
2021-03-02T00:00:00.000Z,כלל האוכלוסיה,2,0,18,0.1,0,0.4
2021-03-02T00:00:00.000Z,מעל גיל 60,2,0,11,0.2,0,4.1
2021-03-02T00:00:00.000Z,מתחת לגיל 60,0,0,7,0,0,0.2
2021-03-03T00:00:00.000Z,כלל האוכלוסיה,3,0,12,0.1,0,0.3
2021-03-03T00:00:00.000Z,מעל גיל 60,3,0,10,0.3,0,3.8
2021-03-03T00:00:00.000Z,מתחת לגיל 60,0,0,2,0,0,0
2021-03-04T00:00:00.000Z,כלל האוכלוסיה,0,0,11,0,0,0.2
2021-03-04T00:00:00.000Z,מעל גיל 60,0,0,10,0,0,3.8
2021-03-04T00:00:00.000Z,מתחת לגיל 60,0,0,1,0,0,0
2021-03-05T00:00:00.000Z,כלל האוכלוסיה,2,0,14,0.1,0,0.3
2021-03-05T00:00:00.000Z,מתחת לגיל 60,0,0,2,0,0,0
2021-03-05T00:00:00.000Z,מעל גיל 60,2,0,12,0.2,0,4.6
2021-03-06T00:00:00.000Z,מעל גיל 60,1,0,11,0.1,0,4.2
2021-03-06T00:00:00.000Z,כלל האוכלוסיה,1,0,13,0,0,0.3
2021-03-06T00:00:00.000Z,מתחת לגיל 60,0,0,2,0,0,0
2021-03-07T00:00:00.000Z,כלל האוכלוסיה,4,0,8,0.1,0,0.2
2021-03-07T00:00:00.000Z,מעל גיל 60,4,0,5,0.3,0,2
2021-03-07T00:00:00.000Z,מתחת לגיל 60,0,0,3,0,0,0.1
2021-03-08T00:00:00.000Z,כלל האוכלוסיה,2,0,15,0.1,0,0.3
2021-03-08T00:00:00.000Z,מעל גיל 60,2,0,13,0.2,0,5.2
2021-03-08T00:00:00.000Z,מתחת לגיל 60,0,0,2,0,0,0
2021-03-09T00:00:00.000Z,מתחת לגיל 60,0,0,2,0,0,0
2021-03-09T00:00:00.000Z,מעל גיל 60,1,0,9,0.1,0,3.6
2021-03-09T00:00:00.000Z,כלל האוכלוסיה,1,0,11,0,0,0.3
2021-03-10T00:00:00.000Z,כלל האוכלוסיה,0,0,14,0,0,0.3
2021-03-10T00:00:00.000Z,מעל גיל 60,0,0,10,0,0,4.1
2021-03-10T00:00:00.000Z,מתחת לגיל 60,0,0,4,0,0,0.1
2021-03-11T00:00:00.000Z,כלל האוכלוסיה,2,0,14,0.1,0,0.3
2021-03-11T00:00:00.000Z,מעל גיל 60,2,0,12,0.2,0,4.9
2021-03-11T00:00:00.000Z,מתחת לגיל 60,0,0,2,0,0,0
2021-03-12T00:00:00.000Z,מעל גיל 60,0,0,8,0,0,3.3
2021-03-12T00:00:00.000Z,כלל האוכלוסיה,0,0,9,0,0,0.2
2021-03-12T00:00:00.000Z,מתחת לגיל 60,0,0,1,0,0,0
2021-03-13T00:00:00.000Z,כלל האוכלוסיה,3,0,9,0.1,0,0.2
2021-03-13T00:00:00.000Z,מעל גיל 60,3,0,5,0.2,0,2.1
2021-03-13T00:00:00.000Z,מתחת לגיל 60,0,0,4,0,0,0.1
2021-03-14T00:00:00.000Z,כלל האוכלוסיה,3,0,19,0.1,0,0.4
2021-03-14T00:00:00.000Z,מתחת לגיל 60,0,0,3,0,0,0.1
2021-03-14T00:00:00.000Z,מעל גיל 60,3,0,16,0.2,0,6.7
2021-03-15T00:00:00.000Z,מעל גיל 60,2,0,9,0.2,0,3.8
2021-03-15T00:00:00.000Z,מתחת לגיל 60,1,0,1,0,0,0
2021-03-15T00:00:00.000Z,כלל האוכלוסיה,3,0,10,0.1,0,0.2
2021-03-16T00:00:00.000Z,מעל גיל 60,1,0,5,0.1,0,2.1
2021-03-16T00:00:00.000Z,מתחת לגיל 60,0,0,6,0,0,0.2
2021-03-16T00:00:00.000Z,כלל האוכלוסיה,1,0,11,0,0,0.3
2021-03-17T00:00:00.000Z,מעל גיל 60,0,0,6,0,0,2.6
2021-03-17T00:00:00.000Z,מתחת לגיל 60,1,0,1,0,0,0
2021-03-17T00:00:00.000Z,כלל האוכלוסיה,1,0,7,0,0,0.2
2021-03-18T00:00:00.000Z,מעל גיל 60,0,0,5,0,0,2.2
2021-03-18T00:00:00.000Z,כלל האוכלוסיה,0,0,6,0,0,0.1
2021-03-18T00:00:00.000Z,מתחת לגיל 60,0,0,1,0,0,0
2021-03-19T00:00:00.000Z,כלל האוכלוסיה,4,0,8,0.1,0,0.2
2021-03-19T00:00:00.000Z,מתחת לגיל 60,0,0,1,0,0,0
2021-03-19T00:00:00.000Z,מעל גיל 60,4,0,7,0.3,0,3
2021-03-20T00:00:00.000Z,מתחת לגיל 60,0,0,0,0,0,0
2021-03-20T00:00:00.000Z,כלל האוכלוסיה,1,0,5,0,0,0.1
2021-03-20T00:00:00.000Z,מעל גיל 60,1,0,5,0.1,0,2.2
2021-03-21T00:00:00.000Z,מתחת לגיל 60,0,0,0,0,0,0
2021-03-21T00:00:00.000Z,מעל גיל 60,4,0,10,0.3,0,4.4
2021-03-21T00:00:00.000Z,כלל האוכלוסיה,4,0,10,0.1,0,0.2
2021-03-22T00:00:00.000Z,מעל גיל 60,2,0,8,0.2,0,3.5
2021-03-22T00:00:00.000Z,מתחת לגיל 60,0,0,2,0,0,0.1
2021-03-22T00:00:00.000Z,כלל האוכלוסיה,2,0,10,0,0,0.2
2021-03-23T00:00:00.000Z,מתחת לגיל 60,0,0,1,0,0,0
2021-03-23T00:00:00.000Z,מעל גיל 60,3,0,10,0.2,0,4.4
2021-03-23T00:00:00.000Z,כלל האוכלוסיה,3,0,11,0.1,0,0.3
2021-03-24T00:00:00.000Z,כלל האוכלוסיה,2,0,6,0,0,0.1
2021-03-24T00:00:00.000Z,מעל גיל 60,2,0,5,0.2,0,2.2
2021-03-24T00:00:00.000Z,מתחת לגיל 60,0,0,1,0,0,0
2021-03-25T00:00:00.000Z,מתחת לגיל 60,0,0,3,0,0,0.1
2021-03-25T00:00:00.000Z,כלל האוכלוסיה,2,0,5,0,0,0.1
2021-03-25T00:00:00.000Z,מעל גיל 60,2,0,2,0.2,0,0.9
2021-03-26T00:00:00.000Z,מתחת לגיל 60,0,0,1,0,0,0
2021-03-26T00:00:00.000Z,מעל גיל 60,1,0,6,0.1,0,2.7
2021-03-26T00:00:00.000Z,כלל האוכלוסיה,1,0,7,0,0,0.2
2021-03-27T00:00:00.000Z,כלל האוכלוסיה,0,0,5,0,0,0.1
2021-03-27T00:00:00.000Z,מעל גיל 60,0,0,4,0,0,1.8
2021-03-27T00:00:00.000Z,מתחת לגיל 60,0,0,1,0,0,0
2021-03-28T00:00:00.000Z,מתחת לגיל 60,0,0,0,0,0,0
2021-03-28T00:00:00.000Z,מעל גיל 60,2,0,10,0.2,0,4.5
2021-03-28T00:00:00.000Z,כלל האוכלוסיה,2,0,10,0,0,0.2
2021-03-29T00:00:00.000Z,מתחת לגיל 60,0,0,0,0,0,0
2021-03-29T00:00:00.000Z,מעל גיל 60,0,0,9,0,0,4
2021-03-29T00:00:00.000Z,כלל האוכלוסיה,0,0,9,0,0,0.2
2021-03-30T00:00:00.000Z,מעל גיל 60,0,0,11,0,0,5
2021-03-30T00:00:00.000Z,כלל האוכלוסיה,0,0,11,0,0,0.3
2021-03-30T00:00:00.000Z,מתחת לגיל 60,0,0,0,0,0,0
2021-03-31T00:00:00.000Z,מעל גיל 60,3,0,8,0.2,0,3.6
2021-03-31T00:00:00.000Z,מתחת לגיל 60,0,0,3,0,0,0.1
2021-03-31T00:00:00.000Z,כלל האוכלוסיה,3,0,11,0.1,0,0.3
2021-04-01T00:00:00.000Z,כלל האוכלוסיה,1,0,6,0,0,0.1
2021-04-01T00:00:00.000Z,מעל גיל 60,1,0,6,0.1,0,2.7
2021-04-01T00:00:00.000Z,מתחת לגיל 60,0,0,0,0,0,0
2021-04-02T00:00:00.000Z,מתחת לגיל 60,0,0,3,0,0,0.1
2021-04-02T00:00:00.000Z,מעל גיל 60,1,0,9,0.1,0,4.1
2021-04-02T00:00:00.000Z,כלל האוכלוסיה,1,0,12,0,0,0.3
2021-04-03T00:00:00.000Z,כלל האוכלוסיה,0,0,6,0,0,0.1
2021-04-03T00:00:00.000Z,מתחת לגיל 60,0,0,3,0,0,0.1
2021-04-03T00:00:00.000Z,מעל גיל 60,0,0,3,0,0,1.4
2021-04-04T00:00:00.000Z,מתחת לגיל 60,0,0,1,0,0,0
2021-04-04T00:00:00.000Z,מעל גיל 60,2,0,4,0.2,0,1.8
2021-04-04T00:00:00.000Z,כלל האוכלוסיה,2,0,5,0,0,0.1
2021-04-05T00:00:00.000Z,כלל האוכלוסיה,2,0,3,0,0,0.1
2021-04-05T00:00:00.000Z,מתחת לגיל 60,0,0,0,0,0,0
2021-04-05T00:00:00.000Z,מעל גיל 60,2,0,3,0.2,0,1.4
2021-04-06T00:00:00.000Z,כלל האוכלוסיה,0,0,5,0,0,0.1
2021-04-06T00:00:00.000Z,מתחת לגיל 60,0,0,0,0,0,0
2021-04-06T00:00:00.000Z,מעל גיל 60,0,0,5,0,0,2.3
2021-04-07T00:00:00.000Z,כלל האוכלוסיה,1,0,6,0,0,0.1
2021-04-07T00:00:00.000Z,מתחת לגיל 60,0,0,0,0,0,0
2021-04-07T00:00:00.000Z,מעל גיל 60,1,0,6,0.1,0,2.8
2021-04-08T00:00:00.000Z,מעל גיל 60,3,0,7,0.2,0,3.3
2021-04-08T00:00:00.000Z,מתחת לגיל 60,0,0,1,0,0,0
2021-04-08T00:00:00.000Z,כלל האוכלוסיה,3,0,8,0.1,0,0.2
2021-04-09T00:00:00.000Z,כלל האוכלוסיה,1,0,8,0,0,0.2
2021-04-09T00:00:00.000Z,מעל גיל 60,1,0,4,0.1,0,1.9
2021-04-09T00:00:00.000Z,מתחת לגיל 60,0,0,4,0,0,0.1
2021-04-10T00:00:00.000Z,כלל האוכלוסיה,2,0,6,0,0,0.1
2021-04-10T00:00:00.000Z,מתחת לגיל 60,0,0,1,0,0,0
2021-04-10T00:00:00.000Z,מעל גיל 60,2,0,5,0.2,0,2.4
2021-04-11T00:00:00.000Z,מתחת לגיל 60,0,0,1,0,0,0
2021-04-11T00:00:00.000Z,מעל גיל 60,1,0,3,0.1,0,1.4
2021-04-11T00:00:00.000Z,כלל האוכלוסיה,1,0,4,0,0,0.1
2021-04-12T00:00:00.000Z,מתחת לגיל 60,1,0,1,0,0,0
2021-04-12T00:00:00.000Z,מעל גיל 60,1,0,1,0.1,0,0.5
2021-04-12T00:00:00.000Z,כלל האוכלוסיה,2,0,2,0,0,0
2021-04-13T00:00:00.000Z,מתחת לגיל 60,1,0,1,0,0,0
2021-04-13T00:00:00.000Z,מעל גיל 60,1,0,8,0.1,0,3.9
2021-04-13T00:00:00.000Z,כלל האוכלוסיה,2,0,9,0,0,0.2
2021-04-14T00:00:00.000Z,מתחת לגיל 60,0,0,0,0,0,0
2021-04-14T00:00:00.000Z,כלל האוכלוסיה,0,0,2,0,0,0.1
2021-04-14T00:00:00.000Z,מעל גיל 60,0,0,2,0,0,1
2021-04-15T00:00:00.000Z,כלל האוכלוסיה,1,0,2,0,0,0.1
2021-04-15T00:00:00.000Z,מעל גיל 60,1,0,1,0.1,0,0.5
2021-04-15T00:00:00.000Z,מתחת לגיל 60,0,0,1,0,0,0
2021-04-16T00:00:00.000Z,מעל גיל 60,1,0,1,0.1,0,0.5
2021-04-16T00:00:00.000Z,כלל האוכלוסיה,1,0,2,0,0,0.1
2021-04-16T00:00:00.000Z,מתחת לגיל 60,0,0,1,0,0,0
2021-04-17T00:00:00.000Z,כלל האוכלוסיה,2,0,5,0,0,0.1
2021-04-17T00:00:00.000Z,מתחת לגיל 60,0,0,1,0,0,0
2021-04-17T00:00:00.000Z,מעל גיל 60,2,0,4,0.1,0,1.9
2021-04-18T00:00:00.000Z,מעל גיל 60,0,0,2,0,0,1
2021-04-18T00:00:00.000Z,כלל האוכלוסיה,1,0,3,0,0,0.1
2021-04-18T00:00:00.000Z,מתחת לגיל 60,1,0,1,0,0,0
2021-04-19T00:00:00.000Z,כלל האוכלוסיה,2,0,1,0,0,0
2021-04-19T00:00:00.000Z,מתחת לגיל 60,0,0,0,0,0,0
2021-04-19T00:00:00.000Z,מעל גיל 60,2,0,1,0.1,0,0.5
2021-04-20T00:00:00.000Z,כלל האוכלוסיה,0,0,3,0,0,0.1
2021-04-20T00:00:00.000Z,מתחת לגיל 60,0,0,0,0,0,0
2021-04-20T00:00:00.000Z,מעל גיל 60,0,0,3,0,0,1.5
2021-04-21T00:00:00.000Z,כלל האוכלוסיה,0,0,1,0,0,0
2021-04-21T00:00:00.000Z,מתחת לגיל 60,0,0,0,0,0,0
2021-04-21T00:00:00.000Z,מעל גיל 60,0,0,1,0,0,0.5
2021-04-22T00:00:00.000Z,כלל האוכלוסיה,0,0,2,0,0,0.1
2021-04-22T00:00:00.000Z,מתחת לגיל 60,0,0,1,0,0,0
2021-04-22T00:00:00.000Z,מעל גיל 60,0,0,1,0,0,0.5
2021-04-23T00:00:00.000Z,מעל גיל 60,1,0,3,0.1,0,1.5
2021-04-23T00:00:00.000Z,מתחת לגיל 60,0,0,0,0,0,0
2021-04-23T00:00:00.000Z,כלל האוכלוסיה,1,0,3,0,0,0.1
2021-04-24T00:00:00.000Z,מעל גיל 60,2,0,0,0.1,0,0
2021-04-24T00:00:00.000Z,כלל האוכלוסיה,2,0,2,0,0,0.1
2021-04-24T00:00:00.000Z,מתחת לגיל 60,0,0,2,0,0,0.1
2021-04-25T00:00:00.000Z,מעל גיל 60,0,0,1,0,0,0.5
2021-04-25T00:00:00.000Z,כלל האוכלוסיה,0,0,1,0,0,0
2021-04-25T00:00:00.000Z,מתחת לגיל 60,0,0,0,0,0,0
2021-04-26T00:00:00.000Z,כלל האוכלוסיה,1,0,1,0,0,0
2021-04-26T00:00:00.000Z,מתחת לגיל 60,0,0,0,0,0,0
2021-04-26T00:00:00.000Z,מעל גיל 60,1,0,1,0.1,0,0.5
2021-04-27T00:00:00.000Z,מעל גיל 60,0,0,2,0,0,1
2021-04-27T00:00:00.000Z,מתחת לגיל 60,0,0,2,0,0,0.1
2021-04-27T00:00:00.000Z,כלל האוכלוסיה,0,0,4,0,0,0.1
2021-04-28T00:00:00.000Z,מעל גיל 60,0,0,0,0,0,0
2021-04-28T00:00:00.000Z,מתחת לגיל 60,0,0,0,0,0,0
2021-04-28T00:00:00.000Z,כלל האוכלוסיה,0,0,0,0,0,0
2021-04-29T00:00:00.000Z,כלל האוכלוסיה,1,0,0,0,0,0
2021-04-29T00:00:00.000Z,מתחת לגיל 60,1,0,0,0,0,0
2021-04-29T00:00:00.000Z,מעל גיל 60,0,0,0,0,0,0
2021-04-30T00:00:00.000Z,מתחת לגיל 60,0,0,0,0,0,0
2021-04-30T00:00:00.000Z,מעל גיל 60,0,0,2,0,0,1
2021-04-30T00:00:00.000Z,כלל האוכלוסיה,0,0,2,0,0,0.1
2021-05-01T00:00:00.000Z,מתחת לגיל 60,0,0,0,0,0,0
2021-05-01T00:00:00.000Z,מעל גיל 60,0,0,1,0,0,0.5
2021-05-01T00:00:00.000Z,כלל האוכלוסיה,0,0,1,0,0,0
2021-05-02T00:00:00.000Z,מתחת לגיל 60,0,0,0,0,0,0
2021-05-02T00:00:00.000Z,מעל גיל 60,0,0,1,0,0,0.5
2021-05-02T00:00:00.000Z,כלל האוכלוסיה,0,0,1,0,0,0
2021-05-03T00:00:00.000Z,כלל האוכלוסיה,2,0,0,0,0,0
2021-05-03T00:00:00.000Z,מתחת לגיל 60,0,0,0,0,0,0
2021-05-03T00:00:00.000Z,מעל גיל 60,2,0,0,0.1,0,0
2021-05-04T00:00:00.000Z,מתחת לגיל 60,0,0,0,0,0,0
2021-05-04T00:00:00.000Z,כלל האוכלוסיה,0,0,2,0,0,0.1
2021-05-04T00:00:00.000Z,מעל גיל 60,0,0,2,0,0,1
2021-05-05T00:00:00.000Z,מעל גיל 60,0,0,1,0,0,0.5
2021-05-05T00:00:00.000Z,מתחת לגיל 60,0,0,1,0,0,0
2021-05-05T00:00:00.000Z,כלל האוכלוסיה,0,0,2,0,0,0.1
2021-05-06T00:00:00.000Z,מתחת לגיל 60,0,0,1,0,0,0
2021-05-06T00:00:00.000Z,מעל גיל 60,0,0,1,0,0,0.5
2021-05-06T00:00:00.000Z,כלל האוכלוסיה,0,0,2,0,0,0.1
2021-05-07T00:00:00.000Z,מעל גיל 60,0,0,1,0,0,0.5
2021-05-07T00:00:00.000Z,מתחת לגיל 60,0,0,1,0,0,0
2021-05-07T00:00:00.000Z,כלל האוכלוסיה,0,0,2,0,0,0.1
2021-05-08T00:00:00.000Z,כלל האוכלוסיה,0,0,1,0,0,0
2021-05-08T00:00:00.000Z,מתחת לגיל 60,0,0,1,0,0,0
2021-05-08T00:00:00.000Z,מעל גיל 60,0,0,0,0,0,0
2021-05-09T00:00:00.000Z,מתחת לגיל 60,0,0,0,0,0,0
2021-05-09T00:00:00.000Z,כלל האוכלוסיה,0,0,1,0,0,0
2021-05-09T00:00:00.000Z,מעל גיל 60,0,0,1,0,0,0.5
2021-05-10T00:00:00.000Z,מעל גיל 60,0,0,1,0,0,0.5
2021-05-10T00:00:00.000Z,מתחת לגיל 60,0,0,1,0,0,0
2021-05-10T00:00:00.000Z,כלל האוכלוסיה,0,0,2,0,0,0.1
2021-05-11T00:00:00.000Z,כלל האוכלוסיה,1,0,0,0,0,0
2021-05-11T00:00:00.000Z,מעל גיל 60,1,0,0,0.1,0,0
2021-05-11T00:00:00.000Z,מתחת לגיל 60,0,0,0,0,0,0
2021-05-12T00:00:00.000Z,מתחת לגיל 60,0,0,0,0,0,0
2021-05-12T00:00:00.000Z,מעל גיל 60,0,0,0,0,0,0
2021-05-12T00:00:00.000Z,כלל האוכלוסיה,0,0,0,0,0,0
2021-05-13T00:00:00.000Z,מתחת לגיל 60,0,0,2,0,0,0.1
2021-05-13T00:00:00.000Z,מעל גיל 60,0,0,0,0,0,0
2021-05-13T00:00:00.000Z,כלל האוכלוסיה,0,0,2,0,0,0.1
2021-05-14T00:00:00.000Z,מתחת לגיל 60,0,0,0,0,0,0
2021-05-14T00:00:00.000Z,מעל גיל 60,0,0,0,0,0,0
2021-05-14T00:00:00.000Z,כלל האוכלוסיה,0,0,0,0,0,0
2021-05-15T00:00:00.000Z,מעל גיל 60,1,0,0,0.1,0,0
2021-05-15T00:00:00.000Z,מתחת לגיל 60,0,0,0,0,0,0
2021-05-15T00:00:00.000Z,כלל האוכלוסיה,1,0,0,0,0,0
2021-05-16T00:00:00.000Z,כלל האוכלוסיה,0,0,1,0,0,0
2021-05-16T00:00:00.000Z,מעל גיל 60,0,0,1,0,0,0.5
2021-05-16T00:00:00.000Z,מתחת לגיל 60,0,0,0,0,0,0
2021-05-17T00:00:00.000Z,מעל גיל 60,1,0,2,0.1,0,1
2021-05-17T00:00:00.000Z,מתחת לגיל 60,0,0,0,0,0,0
2021-05-17T00:00:00.000Z,כלל האוכלוסיה,1,0,2,0,0,0.1
2021-05-18T00:00:00.000Z,מתחת לגיל 60,0,0,0,0,0,0
2021-05-18T00:00:00.000Z,מעל גיל 60,0,0,0,0,0,0
2021-05-18T00:00:00.000Z,כלל האוכלוסיה,0,0,0,0,0,0
2021-05-19T00:00:00.000Z,מעל גיל 60,0,0,0,0,0,0
2021-05-19T00:00:00.000Z,מתחת לגיל 60,0,0,0,0,0,0
2021-05-19T00:00:00.000Z,כלל האוכלוסיה,0,0,0,0,0,0
2021-05-20T00:00:00.000Z,מעל גיל 60,0,0,0,0,0,0
2021-05-20T00:00:00.000Z,מתחת לגיל 60,0,0,0,0,0,0
2021-05-20T00:00:00.000Z,כלל האוכלוסיה,0,0,0,0,0,0
2021-05-21T00:00:00.000Z,מתחת לגיל 60,0,0,1,0,0,0
2021-05-21T00:00:00.000Z,מעל גיל 60,1,0,0,0.1,0,0
2021-05-21T00:00:00.000Z,כלל האוכלוסיה,1,0,1,0,0,0
2021-05-22T00:00:00.000Z,כלל האוכלוסיה,0,0,0,0,0,0
2021-05-22T00:00:00.000Z,מתחת לגיל 60,0,0,0,0,0,0
2021-05-22T00:00:00.000Z,מעל גיל 60,0,0,0,0,0,0
2021-05-23T00:00:00.000Z,כלל האוכלוסיה,0,0,1,0,0,0
2021-05-23T00:00:00.000Z,מעל גיל 60,0,0,0,0,0,0
2021-05-23T00:00:00.000Z,מתחת לגיל 60,0,0,1,0,0,0
2021-05-24T00:00:00.000Z,כלל האוכלוסיה,0,0,1,0,0,0
2021-05-24T00:00:00.000Z,מעל גיל 60,0,0,0,0,0,0
2021-05-24T00:00:00.000Z,מתחת לגיל 60,0,0,1,0,0,0
2021-05-25T00:00:00.000Z,מתחת לגיל 60,0,0,0,0,0,0
2021-05-25T00:00:00.000Z,מעל גיל 60,1,0,0,0.1,0,0
2021-05-25T00:00:00.000Z,כלל האוכלוסיה,1,0,0,0,0,0
2021-05-26T00:00:00.000Z,מתחת לגיל 60,0,0,0,0,0,0
2021-05-26T00:00:00.000Z,כלל האוכלוסיה,0,0,0,0,0,0
2021-05-26T00:00:00.000Z,מעל גיל 60,0,0,0,0,0,0
2021-05-27T00:00:00.000Z,מתחת לגיל 60,0,0,1,0,0,0
2021-05-27T00:00:00.000Z,מעל גיל 60,0,0,1,0,0,0.5
2021-05-27T00:00:00.000Z,כלל האוכלוסיה,0,0,2,0,0,0.1
2021-05-28T00:00:00.000Z,מעל גיל 60,0,0,1,0,0,0.5
2021-05-28T00:00:00.000Z,כלל האוכלוסיה,0,0,1,0,0,0
2021-05-28T00:00:00.000Z,מתחת לגיל 60,0,0,0,0,0,0
2021-05-29T00:00:00.000Z,מתחת לגיל 60,0,0,0,0,0,0
2021-05-29T00:00:00.000Z,מעל גיל 60,0,0,0,0,0,0
2021-05-29T00:00:00.000Z,כלל האוכלוסיה,0,0,0,0,0,0
2021-05-30T00:00:00.000Z,מתחת לגיל 60,0,0,0,0,0,0
2021-05-30T00:00:00.000Z,מעל גיל 60,0,0,0,0,0,0
2021-05-30T00:00:00.000Z,כלל האוכלוסיה,0,0,0,0,0,0
2021-05-31T00:00:00.000Z,מתחת לגיל 60,0,0,0,0,0,0
2021-05-31T00:00:00.000Z,כלל האוכלוסיה,0,0,0,0,0,0
2021-05-31T00:00:00.000Z,מעל גיל 60,0,0,0,0,0,0
2021-06-01T00:00:00.000Z,מעל גיל 60,0,0,0,0,0,0
2021-06-01T00:00:00.000Z,כלל האוכלוסיה,0,0,1,0,0,0
2021-06-01T00:00:00.000Z,מתחת לגיל 60,0,0,1,0,0,0
2021-06-02T00:00:00.000Z,מעל גיל 60,0,0,0,0,0,0
2021-06-02T00:00:00.000Z,כלל האוכלוסיה,0,0,0,0,0,0
2021-06-02T00:00:00.000Z,מתחת לגיל 60,0,0,0,0,0,0
2021-06-03T00:00:00.000Z,מתחת לגיל 60,0,0,0,0,0,0
2021-06-03T00:00:00.000Z,כלל האוכלוסיה,0,0,0,0,0,0
2021-06-03T00:00:00.000Z,מעל גיל 60,0,0,0,0,0,0
2021-06-04T00:00:00.000Z,מתחת לגיל 60,0,0,0,0,0,0
2021-06-04T00:00:00.000Z,כלל האוכלוסיה,0,0,0,0,0,0
2021-06-04T00:00:00.000Z,מעל גיל 60,0,0,0,0,0,0
2021-06-05T00:00:00.000Z,מעל גיל 60,0,0,0,0,0,0
2021-06-05T00:00:00.000Z,כלל האוכלוסיה,0,0,1,0,0,0
2021-06-05T00:00:00.000Z,מתחת לגיל 60,0,0,1,0,0,0
2021-06-06T00:00:00.000Z,מעל גיל 60,0,0,0,0,0,0
2021-06-06T00:00:00.000Z,כלל האוכלוסיה,0,0,0,0,0,0
2021-06-06T00:00:00.000Z,מתחת לגיל 60,0,0,0,0,0,0
2021-06-07T00:00:00.000Z,מתחת לגיל 60,0,0,1,0,0,0
2021-06-07T00:00:00.000Z,מעל גיל 60,0,0,0,0,0,0
2021-06-07T00:00:00.000Z,כלל האוכלוסיה,0,0,1,0,0,0
2021-06-08T00:00:00.000Z,כלל האוכלוסיה,0,0,0,0,0,0
2021-06-08T00:00:00.000Z,מתחת לגיל 60,0,0,0,0,0,0
2021-06-08T00:00:00.000Z,מעל גיל 60,0,0,0,0,0,0
2021-06-09T00:00:00.000Z,מעל גיל 60,0,0,0,0,0,0
2021-06-09T00:00:00.000Z,כלל האוכלוסיה,0,0,0,0,0,0
2021-06-09T00:00:00.000Z,מתחת לגיל 60,0,0,0,0,0,0
2021-06-10T00:00:00.000Z,מעל גיל 60,0,0,0,0,0,0
2021-06-10T00:00:00.000Z,כלל האוכלוסיה,0,0,0,0,0,0
2021-06-10T00:00:00.000Z,מתחת לגיל 60,0,0,0,0,0,0
2021-06-11T00:00:00.000Z,כלל האוכלוסיה,0,0,0,0,0,0
2021-06-11T00:00:00.000Z,מעל גיל 60,0,0,0,0,0,0
2021-06-11T00:00:00.000Z,מתחת לגיל 60,0,0,0,0,0,0
2021-06-12T00:00:00.000Z,כלל האוכלוסיה,0,0,0,0,0,0
2021-06-12T00:00:00.000Z,מתחת לגיל 60,0,0,0,0,0,0
2021-06-12T00:00:00.000Z,מעל גיל 60,0,0,0,0,0,0
2021-06-13T00:00:00.000Z,מעל גיל 60,0,0,0,0,0,0
2021-06-13T00:00:00.000Z,כלל האוכלוסיה,0,0,0,0,0,0
2021-06-13T00:00:00.000Z,מתחת לגיל 60,0,0,0,0,0,0
2021-06-14T00:00:00.000Z,מעל גיל 60,0,0,0,0,0,0
2021-06-14T00:00:00.000Z,כלל האוכלוסיה,0,0,0,0,0,0
2021-06-14T00:00:00.000Z,מתחת לגיל 60,0,0,0,0,0,0
2021-06-15T00:00:00.000Z,כלל האוכלוסיה,0,0,0,0,0,0
2021-06-15T00:00:00.000Z,מעל גיל 60,0,0,0,0,0,0
2021-06-15T00:00:00.000Z,מתחת לגיל 60,0,0,0,0,0,0
2021-06-16T00:00:00.000Z,כלל האוכלוסיה,0,0,1,0,0,0
2021-06-16T00:00:00.000Z,מעל גיל 60,0,0,1,0,0,0.5
2021-06-16T00:00:00.000Z,מתחת לגיל 60,0,0,0,0,0,0
2021-06-17T00:00:00.000Z,כלל האוכלוסיה,0,0,0,0,0,0
2021-06-17T00:00:00.000Z,מתחת לגיל 60,0,0,0,0,0,0
2021-06-17T00:00:00.000Z,מעל גיל 60,0,0,0,0,0,0
2021-06-18T00:00:00.000Z,מתחת לגיל 60,0,0,0,0,0,0
2021-06-18T00:00:00.000Z,כלל האוכלוסיה,0,0,0,0,0,0
2021-06-18T00:00:00.000Z,מעל גיל 60,0,0,0,0,0,0
2021-06-19T00:00:00.000Z,כלל האוכלוסיה,0,0,0,0,0,0
2021-06-19T00:00:00.000Z,מתחת לגיל 60,0,0,0,0,0,0
2021-06-19T00:00:00.000Z,מעל גיל 60,0,0,0,0,0,0
2021-06-20T00:00:00.000Z,מתחת לגיל 60,0,0,0,0,0,0
2021-06-20T00:00:00.000Z,כלל האוכלוסיה,0,0,0,0,0,0
2021-06-20T00:00:00.000Z,מעל גיל 60,0,0,0,0,0,0
2021-06-21T00:00:00.000Z,כלל האוכלוסיה,0,0,0,0,0,0
2021-06-21T00:00:00.000Z,מעל גיל 60,0,0,0,0,0,0
2021-06-21T00:00:00.000Z,מתחת לגיל 60,0,0,0,0,0,0
2021-06-22T00:00:00.000Z,כלל האוכלוסיה,0,0,0,0,0,0
2021-06-22T00:00:00.000Z,מתחת לגיל 60,0,0,0,0,0,0
2021-06-22T00:00:00.000Z,מעל גיל 60,0,0,0,0,0,0
2021-06-23T00:00:00.000Z,כלל האוכלוסיה,0,0,0,0,0,0
2021-06-23T00:00:00.000Z,מתחת לגיל 60,0,0,0,0,0,0
2021-06-23T00:00:00.000Z,מעל גיל 60,0,0,0,0,0,0
2021-06-24T00:00:00.000Z,מעל גיל 60,0,0,0,0,0,0
2021-06-24T00:00:00.000Z,מתחת לגיל 60,0,0,0,0,0,0
2021-06-24T00:00:00.000Z,כלל האוכלוסיה,0,0,0,0,0,0
2021-06-25T00:00:00.000Z,כלל האוכלוסיה,0,0,1,0,0,0
2021-06-25T00:00:00.000Z,מתחת לגיל 60,0,0,0,0,0,0
2021-06-25T00:00:00.000Z,מעל גיל 60,0,0,1,0,0,0.6
2021-06-26T00:00:00.000Z,כלל האוכלוסיה,0,0,0,0,0,0
2021-06-26T00:00:00.000Z,מתחת לגיל 60,0,0,0,0,0,0
2021-06-26T00:00:00.000Z,מעל גיל 60,0,0,0,0,0,0
2021-06-27T00:00:00.000Z,כלל האוכלוסיה,0,0,0,0,0,0
2021-06-27T00:00:00.000Z,מעל גיל 60,0,0,0,0,0,0
2021-06-27T00:00:00.000Z,מתחת לגיל 60,0,0,0,0,0,0
2021-06-28T00:00:00.000Z,כלל האוכלוסיה,0,0,0,0,0,0
2021-06-28T00:00:00.000Z,מעל גיל 60,0,0,0,0,0,0
2021-06-28T00:00:00.000Z,מתחת לגיל 60,0,0,0,0,0,0
2021-06-29T00:00:00.000Z,מעל גיל 60,0,0,0,0,0,0
2021-06-29T00:00:00.000Z,כלל האוכלוסיה,0,0,0,0,0,0
2021-06-29T00:00:00.000Z,מתחת לגיל 60,0,0,0,0,0,0
2021-06-30T00:00:00.000Z,מעל גיל 60,0,0,0,0,0,0
2021-06-30T00:00:00.000Z,כלל האוכלוסיה,0,0,0,0,0,0
2021-06-30T00:00:00.000Z,מתחת לגיל 60,0,0,0,0,0,0
2021-07-01T00:00:00.000Z,כלל האוכלוסיה,0,0,0,0,0,0
2021-07-01T00:00:00.000Z,מעל גיל 60,0,0,0,0,0,0
2021-07-01T00:00:00.000Z,מתחת לגיל 60,0,0,0,0,0,0
2021-07-02T00:00:00.000Z,מעל גיל 60,0,0,0,0,0,0
2021-07-02T00:00:00.000Z,מתחת לגיל 60,0,0,0,0,0,0
2021-07-02T00:00:00.000Z,כלל האוכלוסיה,0,0,0,0,0,0
2021-07-03T00:00:00.000Z,כלל האוכלוסיה,0,0,0,0,0,0
2021-07-03T00:00:00.000Z,מעל גיל 60,0,0,0,0,0,0
2021-07-03T00:00:00.000Z,מתחת לגיל 60,0,0,0,0,0,0
2021-07-04T00:00:00.000Z,כלל האוכלוסיה,0,0,0,0,0,0
2021-07-04T00:00:00.000Z,מתחת לגיל 60,0,0,0,0,0,0
2021-07-04T00:00:00.000Z,מעל גיל 60,0,0,0,0,0,0
2021-07-05T00:00:00.000Z,מתחת לגיל 60,0,0,0,0,0,0
2021-07-05T00:00:00.000Z,כלל האוכלוסיה,0,0,0,0,0,0
2021-07-05T00:00:00.000Z,מעל גיל 60,0,0,0,0,0,0
2021-07-06T00:00:00.000Z,כלל האוכלוסיה,0,0,0,0,0,0
2021-07-06T00:00:00.000Z,מעל גיל 60,0,0,0,0,0,0
2021-07-06T00:00:00.000Z,מתחת לגיל 60,0,0,0,0,0,0
2021-07-07T00:00:00.000Z,מתחת לגיל 60,0,0,1,0,0,0
2021-07-07T00:00:00.000Z,מעל גיל 60,0,0,0,0,0,0
2021-07-07T00:00:00.000Z,כלל האוכלוסיה,0,0,1,0,0,0
2021-07-08T00:00:00.000Z,מעל גיל 60,2,0,0,0.1,0,0
2021-07-08T00:00:00.000Z,מתחת לגיל 60,0,0,0,0,0,0
2021-07-08T00:00:00.000Z,כלל האוכלוסיה,2,0,0,0,0,0
2021-07-09T00:00:00.000Z,כלל האוכלוסיה,0,0,0,0,0,0
2021-07-09T00:00:00.000Z,מתחת לגיל 60,0,0,0,0,0,0
2021-07-09T00:00:00.000Z,מעל גיל 60,0,0,0,0,0,0
2021-07-10T00:00:00.000Z,מעל גיל 60,2,0,0,0.1,0,0
2021-07-10T00:00:00.000Z,כלל האוכלוסיה,2,0,0,0,0,0
2021-07-10T00:00:00.000Z,מתחת לגיל 60,0,0,0,0,0,0
2021-07-11T00:00:00.000Z,מעל גיל 60,1,0,0,0.1,0,0
2021-07-11T00:00:00.000Z,כלל האוכלוסיה,1,0,1,0,0,0
2021-07-11T00:00:00.000Z,מתחת לגיל 60,0,0,1,0,0,0
2021-07-12T00:00:00.000Z,כלל האוכלוסיה,2,0,0,0,0,0
2021-07-12T00:00:00.000Z,מעל גיל 60,2,0,0,0.1,0,0
2021-07-12T00:00:00.000Z,מתחת לגיל 60,0,0,0,0,0,0
2021-07-13T00:00:00.000Z,מעל גיל 60,0,0,1,0,0,0.6
2021-07-13T00:00:00.000Z,כלל האוכלוסיה,0,0,1,0,0,0
2021-07-13T00:00:00.000Z,מתחת לגיל 60,0,0,0,0,0,0
2021-07-14T00:00:00.000Z,מתחת לגיל 60,0,0,0,0,0,0
2021-07-14T00:00:00.000Z,כלל האוכלוסיה,3,0,0,0.1,0,0
2021-07-14T00:00:00.000Z,מעל גיל 60,3,0,0,0.2,0,0
2021-07-15T00:00:00.000Z,מעל גיל 60,1,0,0,0.1,0,0
2021-07-15T00:00:00.000Z,מתחת לגיל 60,0,0,0,0,0,0
2021-07-15T00:00:00.000Z,כלל האוכלוסיה,1,0,0,0,0,0
2021-07-16T00:00:00.000Z,מתחת לגיל 60,0,0,0,0,0,0
2021-07-16T00:00:00.000Z,מעל גיל 60,1,0,0,0.1,0,0
2021-07-16T00:00:00.000Z,כלל האוכלוסיה,1,0,0,0,0,0
2021-07-17T00:00:00.000Z,מתחת לגיל 60,0,0,0,0,0,0
2021-07-17T00:00:00.000Z,מעל גיל 60,2,0,0,0.1,0,0
2021-07-17T00:00:00.000Z,כלל האוכלוסיה,2,0,0,0,0,0
2021-07-18T00:00:00.000Z,כלל האוכלוסיה,2,0,2,0,0,0.1
2021-07-18T00:00:00.000Z,מעל גיל 60,2,0,1,0.1,0,0.6
2021-07-18T00:00:00.000Z,מתחת לגיל 60,0,0,1,0,0,0
2021-07-19T00:00:00.000Z,מתחת לגיל 60,0,0,0,0,0,0
2021-07-19T00:00:00.000Z,מעל גיל 60,2,0,0,0.1,0,0
2021-07-19T00:00:00.000Z,כלל האוכלוסיה,2,0,0,0,0,0
2021-07-20T00:00:00.000Z,מעל גיל 60,2,0,0,0.1,0,0
2021-07-20T00:00:00.000Z,מתחת לגיל 60,0,0,0,0,0,0
2021-07-20T00:00:00.000Z,כלל האוכלוסיה,2,0,0,0,0,0
2021-07-21T00:00:00.000Z,מעל גיל 60,3,0,0,0.2,0,0
2021-07-21T00:00:00.000Z,כלל האוכלוסיה,3,0,0,0.1,0,0
2021-07-21T00:00:00.000Z,מתחת לגיל 60,0,0,0,0,0,0
2021-07-22T00:00:00.000Z,מעל גיל 60,0,0,0,0,0,0
2021-07-22T00:00:00.000Z,מתחת לגיל 60,0,0,0,0,0,0
2021-07-22T00:00:00.000Z,כלל האוכלוסיה,0,0,0,0,0,0
2021-07-23T00:00:00.000Z,מתחת לגיל 60,0,0,0,0,0,0
2021-07-23T00:00:00.000Z,כלל האוכלוסיה,0,0,1,0,0,0
2021-07-23T00:00:00.000Z,מעל גיל 60,0,0,1,0,0,0.6
2021-07-24T00:00:00.000Z,מתחת לגיל 60,0,0,0,0,0,0
2021-07-24T00:00:00.000Z,כלל האוכלוסיה,2,0,1,0,0,0
2021-07-24T00:00:00.000Z,מעל גיל 60,2,0,1,0.2,0,0.6
2021-07-25T00:00:00.000Z,כלל האוכלוסיה,1,1,1,0,0.5,0
2021-07-25T00:00:00.000Z,מתחת לגיל 60,0,0,0,0,0,0
2021-07-25T00:00:00.000Z,מעל גיל 60,1,1,1,0.1,0.6,0.6
2021-07-26T00:00:00.000Z,כלל האוכלוסיה,1,0,1,0,0,0
2021-07-26T00:00:00.000Z,מתחת לגיל 60,0,0,0,0,0,0
2021-07-26T00:00:00.000Z,מעל גיל 60,1,0,1,0.1,0,0.6
2021-07-27T00:00:00.000Z,מעל גיל 60,1,0,0,0.1,0,0
2021-07-27T00:00:00.000Z,כלל האוכלוסיה,1,0,0,0,0,0
2021-07-27T00:00:00.000Z,מתחת לגיל 60,0,0,0,0,0,0
2021-07-28T00:00:00.000Z,מתחת לגיל 60,0,0,0,0,0,0
2021-07-28T00:00:00.000Z,כלל האוכלוסיה,5,0,1,0.1,0,0
2021-07-28T00:00:00.000Z,מעל גיל 60,5,0,1,0.5,0,0.6
2021-07-29T00:00:00.000Z,כלל האוכלוסיה,3,0,1,0.1,0,0
2021-07-29T00:00:00.000Z,מתחת לגיל 60,0,0,1,0,0,0
2021-07-29T00:00:00.000Z,מעל גיל 60,3,0,0,0.3,0,0
2021-07-30T00:00:00.000Z,מתחת לגיל 60,0,0,0,0,0,0
2021-07-30T00:00:00.000Z,כלל האוכלוסיה,1,1,0,0,0.1,0
2021-07-30T00:00:00.000Z,מעל גיל 60,1,1,0,0.1,0.2,0
2021-07-31T00:00:00.000Z,כלל האוכלוסיה,1,1,2,0,0.1,0.1
2021-07-31T00:00:00.000Z,מתחת לגיל 60,0,0,0,0,0,0
2021-07-31T00:00:00.000Z,מעל גיל 60,1,1,2,0.1,0.2,1.2
2021-08-01T00:00:00.000Z,מעל גיל 60,7,1,2,0.9,0.2,1.2
2021-08-01T00:00:00.000Z,כלל האוכלוסיה,7,1,2,0.2,0.1,0.1
2021-08-01T00:00:00.000Z,מתחת לגיל 60,0,0,0,0,0,0
2021-08-02T00:00:00.000Z,מתחת לגיל 60,0,0,0,0,0,0
2021-08-02T00:00:00.000Z,מעל גיל 60,2,4,4,0.3,0.7,2.4
2021-08-02T00:00:00.000Z,כלל האוכלוסיה,2,4,4,0,0.4,0.1
2021-08-03T00:00:00.000Z,מתחת לגיל 60,0,0,1,0,0,0
2021-08-03T00:00:00.000Z,מעל גיל 60,0,9,1,0,1.5,0.6
2021-08-03T00:00:00.000Z,כלל האוכלוסיה,0,9,2,0,0.9,0.1
2021-08-04T00:00:00.000Z,כלל האוכלוסיה,2,0,3,0,0,0.1
2021-08-04T00:00:00.000Z,מתחת לגיל 60,0,0,1,0,0,0
2021-08-04T00:00:00.000Z,מעל גיל 60,2,0,2,0.3,0,1.2
2021-08-05T00:00:00.000Z,מתחת לגיל 60,0,0,0,0,0,0
2021-08-05T00:00:00.000Z,מעל גיל 60,3,10,3,0.5,1.8,1.8
2021-08-05T00:00:00.000Z,כלל האוכלוסיה,3,10,3,0.1,0.9,0.1
2021-08-06T00:00:00.000Z,מעל גיל 60,2,7,4,0.4,1.2,2.4
2021-08-06T00:00:00.000Z,כלל האוכלוסיה,2,8,4,0,0.7,0.1
2021-08-06T00:00:00.000Z,מתחת לגיל 60,0,1,0,0,0.2,0
2021-08-07T00:00:00.000Z,כלל האוכלוסיה,1,8,3,0,0.6,0.1
2021-08-07T00:00:00.000Z,מעל גיל 60,1,8,3,0.2,1.4,1.8
2021-08-07T00:00:00.000Z,מתחת לגיל 60,0,0,0,0,0,0
2021-08-08T00:00:00.000Z,כלל האוכלוסיה,4,10,4,0.1,0.8,0.1
2021-08-08T00:00:00.000Z,מתחת לגיל 60,0,0,0,0,0,0
2021-08-08T00:00:00.000Z,מעל גיל 60,4,10,4,0.8,1.9,2.5
2021-08-09T00:00:00.000Z,מעל גיל 60,2,7,2,0.4,1.5,1.2
2021-08-09T00:00:00.000Z,כלל האוכלוסיה,2,7,2,0,0.6,0.1
2021-08-09T00:00:00.000Z,מתחת לגיל 60,0,0,0,0,0,0
2021-08-10T00:00:00.000Z,מעל גיל 60,3,7,6,0.5,1.6,3.7
2021-08-10T00:00:00.000Z,כלל האוכלוסיה,4,7,6,0.1,0.6,0.2
2021-08-10T00:00:00.000Z,מתחת לגיל 60,1,0,0,0,0,0
2021-08-11T00:00:00.000Z,מעל גיל 60,2,7,4,0.3,1.8,2.5
2021-08-11T00:00:00.000Z,כלל האוכלוסיה,2,7,4,0,0.6,0.1
2021-08-11T00:00:00.000Z,מתחת לגיל 60,0,0,0,0,0,0
2021-08-12T00:00:00.000Z,מעל גיל 60,5,8,6,0.7,2.4,3.7
2021-08-12T00:00:00.000Z,כלל האוכלוסיה,5,8,6,0.1,0.7,0.2
2021-08-12T00:00:00.000Z,מתחת לגיל 60,0,0,0,0,0,0
2021-08-13T00:00:00.000Z,מתחת לגיל 60,0,0,0,0,0,0
2021-08-13T00:00:00.000Z,מעל גיל 60,3,11,9,0.4,3.5,5.6
2021-08-13T00:00:00.000Z,כלל האוכלוסיה,3,11,9,0.1,0.9,0.3
2021-08-14T00:00:00.000Z,מעל גיל 60,3,5,10,0.4,1.6,6.3
2021-08-14T00:00:00.000Z,מתחת לגיל 60,0,0,0,0,0,0
2021-08-14T00:00:00.000Z,כלל האוכלוסיה,3,5,10,0.1,0.4,0.3
2021-08-15T00:00:00.000Z,מעל גיל 60,7,5,6,0.9,1.8,3.8
2021-08-15T00:00:00.000Z,כלל האוכלוסיה,7,5,8,0.2,0.4,0.2
2021-08-15T00:00:00.000Z,מתחת לגיל 60,0,0,2,0,0,0.1
2021-08-16T00:00:00.000Z,מעל גיל 60,3,14,10,0.3,5.6,6.3
2021-08-16T00:00:00.000Z,כלל האוכלוסיה,3,14,10,0.1,1.3,0.3
2021-08-16T00:00:00.000Z,מתחת לגיל 60,0,0,0,0,0,0
2021-08-17T00:00:00.000Z,מעל גיל 60,4,4,6,0.4,1.8,3.8
2021-08-17T00:00:00.000Z,מתחת לגיל 60,0,1,0,0,0.1,0
2021-08-17T00:00:00.000Z,כלל האוכלוסיה,4,5,6,0.1,0.5,0.2
2021-08-18T00:00:00.000Z,מתחת לגיל 60,0,1,1,0,0.1,0
2021-08-18T00:00:00.000Z,כלל האוכלוסיה,6,12,5,0.1,1.1,0.1
2021-08-18T00:00:00.000Z,מעל גיל 60,6,11,4,0.6,5.2,2.5
2021-08-19T00:00:00.000Z,מעל גיל 60,6,9,10,0.6,4.6,6.4
2021-08-19T00:00:00.000Z,כלל האוכלוסיה,6,9,11,0.1,0.8,0.3
2021-08-19T00:00:00.000Z,מתחת לגיל 60,0,0,1,0,0,0
2021-08-20T00:00:00.000Z,כלל האוכלוסיה,8,8,5,0.2,0.7,0.1
2021-08-20T00:00:00.000Z,מעל גיל 60,8,8,5,0.8,4.2,3.2
2021-08-20T00:00:00.000Z,מתחת לגיל 60,0,0,0,0,0,0
2021-08-21T00:00:00.000Z,מעל גיל 60,5,7,10,0.5,3.7,6.4
2021-08-21T00:00:00.000Z,מתחת לגיל 60,0,0,1,0,0,0
2021-08-21T00:00:00.000Z,כלל האוכלוסיה,5,7,11,0.1,0.6,0.3
2021-08-22T00:00:00.000Z,מעל גיל 60,6,10,12,0.5,5.7,7.8
2021-08-22T00:00:00.000Z,כלל האוכלוסיה,6,10,12,0.1,1,0.3
2021-08-22T00:00:00.000Z,מתחת לגיל 60,0,0,0,0,0,0
2021-08-23T00:00:00.000Z,מתחת לגיל 60,1,0,0,0,0,0
2021-08-23T00:00:00.000Z,מעל גיל 60,8,6,5,0.7,3.7,3.2
2021-08-23T00:00:00.000Z,כלל האוכלוסיה,9,6,5,0.2,0.6,0.1
2021-08-24T00:00:00.000Z,כלל האוכלוסיה,11,10,7,0.3,1,0.2
2021-08-24T00:00:00.000Z,מעל גיל 60,11,10,5,1,6.5,3.3
2021-08-24T00:00:00.000Z,מתחת לגיל 60,0,0,2,0,0,0.1
2021-08-25T00:00:00.000Z,מעל גיל 60,11,9,11,0.9,6.1,7.2
2021-08-25T00:00:00.000Z,כלל האוכלוסיה,11,9,11,0.3,0.9,0.3
2021-08-25T00:00:00.000Z,מתחת לגיל 60,0,0,0,0,0,0
2021-08-26T00:00:00.000Z,כלל האוכלוסיה,8,8,14,0.2,0.8,0.4
2021-08-26T00:00:00.000Z,מעל גיל 60,8,7,11,0.7,4.9,7.2
2021-08-26T00:00:00.000Z,מתחת לגיל 60,0,1,3,0,0.1,0.1
2021-08-27T00:00:00.000Z,כלל האוכלוסיה,8,7,10,0.2,0.7,0.3
2021-08-27T00:00:00.000Z,מתחת לגיל 60,0,0,0,0,0,0
2021-08-27T00:00:00.000Z,מעל גיל 60,8,7,10,0.7,4.9,6.6
2021-08-28T00:00:00.000Z,מתחת לגיל 60,0,2,3,0,0.2,0.1
2021-08-28T00:00:00.000Z,כלל האוכלוסיה,3,12,9,0.1,1.2,0.3
2021-08-28T00:00:00.000Z,מעל גיל 60,3,10,6,0.3,7,4
2021-08-29T00:00:00.000Z,מעל גיל 60,7,12,7,0.6,8.8,4.6
2021-08-29T00:00:00.000Z,כלל האוכלוסיה,7,12,9,0.2,1.2,0.3
2021-08-29T00:00:00.000Z,מתחת לגיל 60,0,0,2,0,0,0.1
2021-08-30T00:00:00.000Z,מעל גיל 60,4,8,8,0.3,6.1,5.3
2021-08-30T00:00:00.000Z,מתחת לגיל 60,0,0,1,0,0,0
2021-08-30T00:00:00.000Z,כלל האוכלוסיה,4,8,9,0.1,0.8,0.3
2021-08-31T00:00:00.000Z,מעל גיל 60,4,8,17,0.3,6.3,11.4
2021-08-31T00:00:00.000Z,כלל האוכלוסיה,4,9,18,0.1,1,0.5
2021-08-31T00:00:00.000Z,מתחת לגיל 60,0,1,1,0,0.1,0
2021-09-01T00:00:00.000Z,כלל האוכלוסיה,6,7,16,0.1,0.8,0.5
2021-09-01T00:00:00.000Z,מתחת לגיל 60,0,0,2,0,0,0.1
2021-09-01T00:00:00.000Z,מעל גיל 60,6,7,14,0.5,5.6,9.4
2021-09-02T00:00:00.000Z,כלל האוכלוסיה,8,7,16,0.2,0.8,0.5
2021-09-02T00:00:00.000Z,מתחת לגיל 60,1,1,2,0,0.1,0.1
2021-09-02T00:00:00.000Z,מעל גיל 60,7,6,14,0.6,4.9,9.4
2021-09-03T00:00:00.000Z,מתחת לגיל 60,0,0,1,0,0,0
2021-09-03T00:00:00.000Z,מעל גיל 60,5,9,14,0.4,7.4,9.5
2021-09-03T00:00:00.000Z,כלל האוכלוסיה,5,9,15,0.1,1,0.5
2021-09-04T00:00:00.000Z,מתחת לגיל 60,0,0,1,0,0,0
2021-09-04T00:00:00.000Z,מעל גיל 60,4,9,14,0.3,7.3,9.5
2021-09-04T00:00:00.000Z,כלל האוכלוסיה,4,9,15,0.1,1,0.5
2021-09-05T00:00:00.000Z,מתחת לגיל 60,0,1,1,0,0.1,0
2021-09-05T00:00:00.000Z,מעל גיל 60,6,5,13,0.5,4.2,8.8
2021-09-05T00:00:00.000Z,כלל האוכלוסיה,6,6,14,0.1,0.7,0.4
2021-09-06T00:00:00.000Z,מתחת לגיל 60,0,0,2,0,0,0.1
2021-09-06T00:00:00.000Z,מעל גיל 60,6,8,7,0.5,6.7,4.8
2021-09-06T00:00:00.000Z,כלל האוכלוסיה,6,8,9,0.1,0.9,0.3
2021-09-07T00:00:00.000Z,מעל גיל 60,1,13,20,0.1,10.8,13.6
2021-09-07T00:00:00.000Z,כלל האוכלוסיה,1,13,22,0,1.5,0.7
2021-09-07T00:00:00.000Z,מתחת לגיל 60,0,0,2,0,0,0.1
2021-09-08T00:00:00.000Z,מתחת לגיל 60,0,0,1,0,0,0
2021-09-08T00:00:00.000Z,מעל גיל 60,10,5,10,0.8,4.1,6.8
2021-09-08T00:00:00.000Z,כלל האוכלוסיה,10,5,11,0.2,0.5,0.3
2021-09-09T00:00:00.000Z,מתחת לגיל 60,0,1,2,0,0.1,0.1
2021-09-09T00:00:00.000Z,מעל גיל 60,4,2,11,0.3,1.7,7.5
2021-09-09T00:00:00.000Z,כלל האוכלוסיה,4,3,13,0.1,0.3,0.4
2021-09-10T00:00:00.000Z,כלל האוכלוסיה,6,3,9,0.1,0.3,0.3
2021-09-10T00:00:00.000Z,מתחת לגיל 60,0,1,1,0,0.1,0
2021-09-10T00:00:00.000Z,מעל גיל 60,6,2,8,0.5,1.7,5.5
2021-09-11T00:00:00.000Z,כלל האוכלוסיה,9,6,11,0.2,0.6,0.3
2021-09-11T00:00:00.000Z,מעל גיל 60,9,6,11,0.7,4.9,7.6
2021-09-11T00:00:00.000Z,מתחת לגיל 60,0,0,0,0,0,0
2021-09-12T00:00:00.000Z,מעל גיל 60,6,3,11,0.5,2.5,7.6
2021-09-12T00:00:00.000Z,כלל האוכלוסיה,6,3,13,0.1,0.3,0.4
2021-09-12T00:00:00.000Z,מתחת לגיל 60,0,0,2,0,0,0.1
2021-09-13T00:00:00.000Z,מעל גיל 60,6,1,9,0.5,0.8,6.2
2021-09-13T00:00:00.000Z,כלל האוכלוסיה,6,1,13,0.1,0.1,0.4
2021-09-13T00:00:00.000Z,מתחת לגיל 60,0,0,4,0,0,0.1
2021-09-14T00:00:00.000Z,מתחת לגיל 60,1,0,2,0,0,0.1
2021-09-14T00:00:00.000Z,מעל גיל 60,4,2,19,0.3,1.7,13.2
2021-09-14T00:00:00.000Z,כלל האוכלוסיה,5,2,21,0.1,0.2,0.6
2021-09-15T00:00:00.000Z,כלל האוכלוסיה,3,6,12,0.1,0.6,0.4
2021-09-15T00:00:00.000Z,מתחת לגיל 60,1,2,1,0,0.2,0
2021-09-15T00:00:00.000Z,מעל גיל 60,2,4,11,0.2,3.3,7.7
2021-09-16T00:00:00.000Z,מתחת לגיל 60,0,0,1,0,0,0
2021-09-16T00:00:00.000Z,כלל האוכלוסיה,4,1,13,0.1,0.1,0.4
2021-09-16T00:00:00.000Z,מעל גיל 60,4,1,12,0.3,0.8,8.4
2021-09-17T00:00:00.000Z,מעל גיל 60,2,4,7,0.2,3.3,4.9
2021-09-17T00:00:00.000Z,מתחת לגיל 60,0,1,2,0,0.1,0.1
2021-09-17T00:00:00.000Z,כלל האוכלוסיה,2,5,9,0,0.5,0.3
2021-09-18T00:00:00.000Z,כלל האוכלוסיה,4,2,10,0.1,0.2,0.3
2021-09-18T00:00:00.000Z,מתחת לגיל 60,0,0,1,0,0,0
2021-09-18T00:00:00.000Z,מעל גיל 60,4,2,9,0.3,1.6,6.3
2021-09-19T00:00:00.000Z,כלל האוכלוסיה,6,5,15,0.1,0.5,0.5
2021-09-19T00:00:00.000Z,מעל גיל 60,5,5,14,0.4,4.1,9.8
2021-09-19T00:00:00.000Z,מתחת לגיל 60,1,0,1,0,0,0
2021-09-20T00:00:00.000Z,מתחת לגיל 60,0,0,0,0,0,0
2021-09-20T00:00:00.000Z,כלל האוכלוסיה,2,1,10,0,0.1,0.3
2021-09-20T00:00:00.000Z,מעל גיל 60,2,1,10,0.2,0.8,7
2021-09-21T00:00:00.000Z,מעל גיל 60,3,2,8,0.2,1.6,5.6
2021-09-21T00:00:00.000Z,מתחת לגיל 60,1,0,1,0,0,0
2021-09-21T00:00:00.000Z,כלל האוכלוסיה,4,2,9,0.1,0.2,0.3
2021-09-22T00:00:00.000Z,מעל גיל 60,4,2,9,0.3,1.6,6.4
2021-09-22T00:00:00.000Z,כלל האוכלוסיה,5,4,10,0.1,0.3,0.3
2021-09-22T00:00:00.000Z,מתחת לגיל 60,1,2,1,0,0.2,0
2021-09-23T00:00:00.000Z,מעל גיל 60,2,5,12,0.2,3.9,8.5
2021-09-23T00:00:00.000Z,מתחת לגיל 60,0,0,0,0,0,0
2021-09-23T00:00:00.000Z,כלל האוכלוסיה,2,5,12,0,0.4,0.4
2021-09-24T00:00:00.000Z,כלל האוכלוסיה,3,6,11,0.1,0.5,0.3
2021-09-24T00:00:00.000Z,מעל גיל 60,3,4,10,0.2,3.1,7.1
2021-09-24T00:00:00.000Z,מתחת לגיל 60,0,2,1,0,0.2,0
2021-09-25T00:00:00.000Z,מעל גיל 60,4,3,11,0.3,2.3,7.8
2021-09-25T00:00:00.000Z,מתחת לגיל 60,0,0,5,0,0,0.2
2021-09-25T00:00:00.000Z,כלל האוכלוסיה,4,3,16,0.1,0.2,0.5
2021-09-26T00:00:00.000Z,מעל גיל 60,2,0,9,0.2,0,6.4
2021-09-26T00:00:00.000Z,מתחת לגיל 60,0,0,2,0,0,0.1
2021-09-26T00:00:00.000Z,כלל האוכלוסיה,2,0,11,0,0,0.3
2021-09-27T00:00:00.000Z,כלל האוכלוסיה,4,3,9,0.1,0.3,0.3
2021-09-27T00:00:00.000Z,מתחת לגיל 60,0,0,2,0,0,0.1
2021-09-27T00:00:00.000Z,מעל גיל 60,4,3,7,0.3,2.3,5
2021-09-28T00:00:00.000Z,מתחת לגיל 60,0,0,2,0,0,0.1
2021-09-28T00:00:00.000Z,כלל האוכלוסיה,4,4,13,0.1,0.3,0.4
2021-09-28T00:00:00.000Z,מעל גיל 60,4,4,11,0.3,3.1,7.9
2021-09-29T00:00:00.000Z,כלל האוכלוסיה,2,3,17,0,0.3,0.5
2021-09-29T00:00:00.000Z,מעל גיל 60,2,3,9,0.2,2.3,6.5
2021-09-29T00:00:00.000Z,מתחת לגיל 60,0,0,8,0,0,0.3
2021-09-30T00:00:00.000Z,מתחת לגיל 60,0,0,3,0,0,0.1
2021-09-30T00:00:00.000Z,כלל האוכלוסיה,3,3,7,0.1,0.3,0.2
2021-09-30T00:00:00.000Z,מעל גיל 60,3,3,4,0.2,2.5,2.9
2021-10-01T00:00:00.000Z,מתחת לגיל 60,1,0,1,0,0,0
2021-10-01T00:00:00.000Z,מעל גיל 60,4,2,10,0.3,1.6,7.3
2021-10-01T00:00:00.000Z,כלל האוכלוסיה,5,2,11,0.1,0.2,0.3
2021-10-02T00:00:00.000Z,כלל האוכלוסיה,5,4,12,0.1,0.4,0.4
2021-10-02T00:00:00.000Z,מתחת לגיל 60,0,0,3,0,0,0.1
2021-10-02T00:00:00.000Z,מעל גיל 60,5,4,9,0.4,3.3,6.6
2021-10-03T00:00:00.000Z,מתחת לגיל 60,0,2,2,0,0.2,0.1
2021-10-03T00:00:00.000Z,מעל גיל 60,3,3,11,0.2,2.5,8.1
2021-10-03T00:00:00.000Z,כלל האוכלוסיה,3,5,13,0.1,0.5,0.4
2021-10-04T00:00:00.000Z,מתחת לגיל 60,0,1,2,0,0.1,0.1
2021-10-04T00:00:00.000Z,מעל גיל 60,2,0,6,0.2,0,4.4
2021-10-04T00:00:00.000Z,כלל האוכלוסיה,2,1,8,0,0.1,0.3
2021-10-05T00:00:00.000Z,מתחת לגיל 60,0,2,1,0,0.2,0
2021-10-05T00:00:00.000Z,מעל גיל 60,3,0,9,0.2,0,6.7
2021-10-05T00:00:00.000Z,כלל האוכלוסיה,3,2,10,0.1,0.2,0.3
2021-10-06T00:00:00.000Z,מעל גיל 60,4,2,7,0.3,1.8,5.2
2021-10-06T00:00:00.000Z,כלל האוכלוסיה,4,3,8,0.1,0.3,0.3
2021-10-06T00:00:00.000Z,מתחת לגיל 60,0,1,1,0,0.1,0
2021-10-07T00:00:00.000Z,כלל האוכלוסיה,0,4,14,0,0.4,0.4
2021-10-07T00:00:00.000Z,מתחת לגיל 60,0,0,5,0,0,0.2
2021-10-07T00:00:00.000Z,מעל גיל 60,0,4,9,0,3.6,6.7
2021-10-08T00:00:00.000Z,מתחת לגיל 60,0,0,0,0,0,0
2021-10-08T00:00:00.000Z,כלל האוכלוסיה,1,3,3,0,0.3,0.1
2021-10-08T00:00:00.000Z,מעל גיל 60,1,3,3,0.1,2.7,2.3
2021-10-09T00:00:00.000Z,מתחת לגיל 60,1,0,2,0,0,0.1
2021-10-09T00:00:00.000Z,כלל האוכלוסיה,2,1,8,0,0.1,0.3
2021-10-09T00:00:00.000Z,מעל גיל 60,1,1,6,0.1,0.9,4.5
2021-10-10T00:00:00.000Z,מעל גיל 60,3,1,8,0.2,0.9,6
2021-10-10T00:00:00.000Z,מתחת לגיל 60,0,0,1,0,0,0
2021-10-10T00:00:00.000Z,כלל האוכלוסיה,3,1,10,0.1,0.1,0.3
2021-10-11T00:00:00.000Z,מתחת לגיל 60,0,0,0,0,0,0
2021-10-11T00:00:00.000Z,מעל גיל 60,2,1,10,0.2,0.9,7.6
2021-10-11T00:00:00.000Z,כלל האוכלוסיה,2,1,10,0,0.1,0.3
2021-10-12T00:00:00.000Z,מעל גיל 60,0,1,7,0,0.9,5.3
2021-10-12T00:00:00.000Z,מתחת לגיל 60,0,0,0,0,0,0
2021-10-12T00:00:00.000Z,כלל האוכלוסיה,0,1,7,0,0.1,0.2
2021-10-13T00:00:00.000Z,כלל האוכלוסיה,0,3,6,0,0.3,0.2
2021-10-13T00:00:00.000Z,מעל גיל 60,0,3,4,0,2.8,3.1
2021-10-13T00:00:00.000Z,מתחת לגיל 60,0,0,2,0,0,0.1
2021-10-14T00:00:00.000Z,כלל האוכלוסיה,1,1,10,0,0.1,0.3
2021-10-14T00:00:00.000Z,מתחת לגיל 60,0,0,1,0,0,0
2021-10-14T00:00:00.000Z,מעל גיל 60,1,1,9,0.1,0.9,6.9
2021-10-15T00:00:00.000Z,מעל גיל 60,2,0,6,0.2,0,4.6
2021-10-15T00:00:00.000Z,מתחת לגיל 60,0,0,0,0,0,0
2021-10-15T00:00:00.000Z,כלל האוכלוסיה,2,0,6,0,0,0.2
2021-10-16T00:00:00.000Z,כלל האוכלוסיה,1,1,4,0,0.1,0.1
2021-10-16T00:00:00.000Z,מתחת לגיל 60,0,0,0,0,0,0
2021-10-16T00:00:00.000Z,מעל גיל 60,1,1,4,0.1,0.9,3.1
2021-10-17T00:00:00.000Z,מתחת לגיל 60,0,0,0,0,0,0
2021-10-17T00:00:00.000Z,כלל האוכלוסיה,0,1,6,0,0.1,0.2
2021-10-17T00:00:00.000Z,מעל גיל 60,0,1,6,0,0.9,4.6
2021-10-18T00:00:00.000Z,מעל גיל 60,2,1,6,0.2,0.9,4.6
2021-10-18T00:00:00.000Z,כלל האוכלוסיה,2,1,7,0,0.1,0.2
2021-10-18T00:00:00.000Z,מתחת לגיל 60,0,0,1,0,0,0
2021-10-19T00:00:00.000Z,מתחת לגיל 60,0,0,1,0,0,0
2021-10-19T00:00:00.000Z,כלל האוכלוסיה,1,0,1,0,0,0
2021-10-19T00:00:00.000Z,מעל גיל 60,1,0,0,0.1,0,0
2021-10-20T00:00:00.000Z,כלל האוכלוסיה,1,2,4,0,0.2,0.1
2021-10-20T00:00:00.000Z,מעל גיל 60,1,1,3,0.1,0.9,2.3
2021-10-20T00:00:00.000Z,מתחת לגיל 60,0,1,1,0,0.1,0
2021-10-21T00:00:00.000Z,מתחת לגיל 60,1,0,1,0,0,0
2021-10-21T00:00:00.000Z,כלל האוכלוסיה,2,1,4,0,0.1,0.1
2021-10-21T00:00:00.000Z,מעל גיל 60,1,1,3,0.1,0.9,2.3
2021-10-22T00:00:00.000Z,מתחת לגיל 60,0,0,0,0,0,0
2021-10-22T00:00:00.000Z,מעל גיל 60,2,1,1,0.2,0.9,0.8
2021-10-22T00:00:00.000Z,כלל האוכלוסיה,2,1,1,0,0.1,0
2021-10-23T00:00:00.000Z,מעל גיל 60,2,0,3,0.2,0,2.4
2021-10-23T00:00:00.000Z,מתחת לגיל 60,0,0,2,0,0,0.1
2021-10-23T00:00:00.000Z,כלל האוכלוסיה,2,0,6,0,0,0.2
2021-10-24T00:00:00.000Z,מתחת לגיל 60,0,0,1,0,0,0
2021-10-24T00:00:00.000Z,כלל האוכלוסיה,0,1,4,0,0.1,0.1
2021-10-24T00:00:00.000Z,מעל גיל 60,0,1,3,0,1,2.4
2021-10-25T00:00:00.000Z,מתחת לגיל 60,0,0,1,0,0,0
2021-10-25T00:00:00.000Z,כלל האוכלוסיה,1,2,7,0,0.2,0.2
2021-10-25T00:00:00.000Z,מעל גיל 60,1,2,6,0.1,1.9,4.7
2021-10-26T00:00:00.000Z,מעל גיל 60,1,2,6,0.1,1.9,4.7
2021-10-26T00:00:00.000Z,כלל האוכלוסיה,1,2,6,0,0.2,0.2
2021-10-26T00:00:00.000Z,מתחת לגיל 60,0,0,0,0,0,0
2021-10-27T00:00:00.000Z,מתחת לגיל 60,0,0,0,0,0,0
2021-10-27T00:00:00.000Z,מעל גיל 60,2,0,1,0.2,0,0.8
2021-10-27T00:00:00.000Z,כלל האוכלוסיה,2,0,1,0,0,0
2021-10-28T00:00:00.000Z,מתחת לגיל 60,0,2,1,0,0.3,0
2021-10-28T00:00:00.000Z,כלל האוכלוסיה,1,3,1,0,0.3,0
2021-10-28T00:00:00.000Z,מעל גיל 60,1,1,0,0.1,1,0
2021-10-29T00:00:00.000Z,כלל האוכלוסיה,3,1,2,0.1,0.1,0.1
2021-10-29T00:00:00.000Z,מתחת לגיל 60,0,0,1,0,0,0
2021-10-29T00:00:00.000Z,מעל גיל 60,3,1,1,0.2,1,0.8
2021-10-30T00:00:00.000Z,מתחת לגיל 60,0,1,1,0,0.1,0
2021-10-30T00:00:00.000Z,מעל גיל 60,0,0,1,0,0,0.8
2021-10-30T00:00:00.000Z,כלל האוכלוסיה,0,1,2,0,0.1,0.1
2021-10-31T00:00:00.000Z,מעל גיל 60,0,1,1,0,1,0.8
2021-10-31T00:00:00.000Z,כלל האוכלוסיה,0,1,1,0,0.1,0
2021-10-31T00:00:00.000Z,מתחת לגיל 60,0,0,0,0,0,0
2021-11-01T00:00:00.000Z,מתחת לגיל 60,0,0,2,0,0,0.1
2021-11-01T00:00:00.000Z,מעל גיל 60,0,0,2,0,0,1.6
2021-11-01T00:00:00.000Z,כלל האוכלוסיה,0,0,4,0,0,0.1
2021-11-02T00:00:00.000Z,מתחת לגיל 60,0,0,2,0,0,0.1
2021-11-02T00:00:00.000Z,מעל גיל 60,0,0,0,0,0,0
2021-11-02T00:00:00.000Z,כלל האוכלוסיה,0,0,2,0,0,0.1
2021-11-03T00:00:00.000Z,מתחת לגיל 60,0,0,0,0,0,0
2021-11-03T00:00:00.000Z,כלל האוכלוסיה,0,0,0,0,0,0
2021-11-03T00:00:00.000Z,מעל גיל 60,0,0,0,0,0,0
